"","Sr","Test Name","Normal Range","Unit","Default Value","Cate","Type","Valid","Highligh"
"","1","R.A. Factor (Quantitative)","Less Than 30","IU/mL","","Standard","Text","0 - 500","0 - 30"
"","2","Free T3","3.058-6.764","pmol/L","","Standard","Text","0 - 500","0 - 500"
"","3","FREE T4","10.53-21.16","pmol/L","","Standard","Text","0 - 500","0 - 100"
"","4","Troponin-I","< 0.10","ng/ml","","Standard","Text","0 - 250","0 - 20"
"","5","TSH","0.370-5.310","µIU/mL","","Standard","Text","0 - 500","0 - 555"
"","6","T3","1.067 - 5.238","nmol/l","","Standard","Text","0 - 500","1 - 5.5"
"","7","ASO titer","Adult: Less than 200Child: Less than 150","lu/ml","","Standard","Text","0 - 500","0 - 200"
"","8","Bleeding Time (BT)","3 - 7","minutes","","Standard","Text","0 - 500","3 - 7"
"","9","T4","61.53 - 168.7","nmol/L","","Standard","Text","0 - 500","55 - 200"
"","10","T3","1.20 - 3.17","nmol/L","","Standard","Text","0 - 500","1 - 5"
"","11","TSH","0.25 - 4.50","µIU/mL","","Standard","Text","0 - 110","0 - 6"
"","12","Serum Potassium","3.4 - 5.5","mmol/L","","Standard","Text","0 - 500","0 - 500"
"","13","Clotting Time (CT)","4 - 11","minutes","","Standard","Text","0 - 500","4 - 11"
"","14","Neutrophil, Absolute","2.0 - 7.0","*10^9/L","","Standard","Formula","0 - 999999","2 - 7"
"","15","INR","0.9 - 1.1","","","Standard","Decimal","0 - 999","0.9 - 1.1"
"","16","INR","0.9 - 1.1","","","Standard","Decimal","0 - 999","0.9 - 1.1"
"","17","INR","0.9 - 1.1","","","Standard","Decimal","0 - 999","0.9 - 1.1"
"","18","Monocyte, Absolute","0.12 - 1.20","*10^9/l","","Standard","Formula","0 - 999999","0.12 - 1.2"
"","19","Eosinophil, Absolute","0.02 - 0.50","*10^9/l","","Standard","Decimal","0 - 999","0.02 - 0.5"
"","20","Eosinophils","1 - 5","%","","Standard","Formula","0 - 100","0 - 111"
"","21","SGPT (ALT)","5 - 45","U/L","","Standard","Text","0 - 500","5 - 45"
"","22","Hematocrit (HCT)","Male: 38 - 50Female: 36 - 46","%","","Standard","Text","0 - 500","0 - 111"
"","23","T4","60.00 - 180.00","nmol/L","","Standard","Text","0 - 500","0 - 200"
"","24","Anti HIV (Screening)","Non- Reactive","-","Negative","Standard","List","0 - 500","0 - 99999"
"","25","Note","","","*","Descriptive","Text","0 - 500","0 - 99999"
"","26","Prolactin","Male: 4.04 - 15.2Female:(Not Pregnant) 4.79 - 23.3","ng/ml","","Standard","Decimal","0 - 100","2.35 - 100"
"","27","Prolactin","Male: 2.5 – 27.0 ng/mLFemale (Non-pregnant): 5.2 – 27.0 ng/mLPregnant (1st Trimester): 80.0 – 400.0 ng/mLPregnant (2nd Trimester): 110.0 – 330.0 ng/mLPregnant (3rd Trimester): 137.0 – 372.0 ng/mLPostmenopausal Female: 1.9 – 18.4 ng/mL","ng/ml","","Standard","Decimal","0 - 999999","50 - 742"
"","28","FSH","Male: 1.5 – 12.4 mIU/mlFemale (Follicular phase): 3.5 – 12.5 mIU/mlFemale (Mid-cycle peak / Ovulatory phase): 4.7 – 21.5 mIU/mlFemale (Luteal phase): 1.7 – 7.7 mIU/mlPostmenopausal Female: 25.8 – 134.8 mIU/ml","mIU/ml","","Standard","Text","0 - 500","0 - 999"
"","29","LH","Male: 1.5 – 12.4 mIU/mLFemale (Follicular phase): 3.5 – 12.5 mIU/mLFemale (Mid-cycle / Ovulatory): 4.7 – 21.5 mIU/mLFemale (Luteal phase): 1.7 – 7.7 mIU/mLPostmenopausal Female: 25.8 – 134.8 mIU/mL","mIU/ml","","Standard","Text","0 - 500","0.9 - 90"
"","30","Malarial Parasite PF","Negative","","Negative","Standard","List","0 - 500","1 - 1"
"","31","Malarial Parasite PV","Negative","","Negative","Standard","List","0 - 500","0 - 0"
"","32","Salmonella Typhi Antigen (Serum)","Negative","","Negative","Standard","Text","0 - 500","0 - 99999"
"","33","Salmonella Para Typhi Antigen (Serum)","Negative","","Negative","Standard","Text","0 - 500","0 - 99999"
"","34","ACE Level","8 - 52 U/L","U/L","","Standard","Text","0 - 500","0 - 60"
"","35","APTT","24 - 35","Seconds","","Standard","Decimal","0 - 999","24 - 35"
"","36","APTT Control","","Seconds","28","Standard","Decimal","0 - 99","0 - 35"
"","37","Comments","","","Prothrombin time and INR were determined using thromboplastin reagent with ISI 1.0.","Descriptive","AutoComplete","0 - 50000","0 - 0"
"","38","V.D.R.L ( Syphilis ) ICT","Negative","","","Standard","List","0 - 500","0 - 100"
"","39","Comments","","","","Descriptive","Text","0 - 500","0 - 0"
"","40","Crossmatch Reprot |Note:","","","","Descriptive","Text","0 - 500","0 - 0"
"","41","PSA (Prostate Specific Antigen) Total","< 4.0","ng/ml","","Standard","Text","0 - 500","0 - 500"
"","42","ProBNP (N-t) II","0.00 - 100.0","pg/ml","","Standard","Decimal","0 - 999","0 - 100"
"","43","VITAMIN B12 LEVEL","200 - 1100","pg/ml","","Standard","Text","0 - 500","0 - 99999"
"","44","A-B12/Holotranscobalamin.","5-27","pmol/L","","Standard","Text","0 - 500","0 - 0"
"","45","Reticulocyte Index","RPI <2: inadequate marrow responseRPI =2: suggests adequate marrow response in anaemia","","","Standard","Decimal","0 - 999","2 - 10"
"","46","Absolute Reticulocyte Count","0.02–0.12","*10^12/l","","Standard","Text","0 - 500","0 - 0"
"","47","Hemoglobin (HB)","Male: 13.0 - 18.0Female: 11.5 - 16.0Neonate: 13.4 - 19.9Child: 11.3 - 14.1","g/dl","","Standard","Decimal","0 - 500","11 - 18"
"","48","Red Blood Cell (RBC)","Male: 4.5-6.5Female: 4.0-6.0Neonate: 3.5-5.9Child: 3.9-5.5","*10^12/l","","Standard","Decimal","0 - 500","4 - 6.5"
"","49","HCT (PCV)","Male: 38-52Female: 36-46Child: 44-65","%","","Standard","Decimal","0 - 100","36 - 52"
"","50","Mean Cell Volume (MCV)","Adult: 75.0 - 95.0Child: 70.0 - 85.0Neonate 88.0 - 123.0","fl","","Standard","Decimal","0 - 250","75 - 95"
"","51","Mean Cell Hemoglobin (MCH)","26.0 - 32.0","pg","","Standard","Decimal","0 - 999","26 - 32"
"","52","Mean Cell Hb Conc (MCHC)","30.0 - 35.0","%","","Standard","Decimal","0 - 250","30 - 35"
"","53","White Blood Cell (WBC/TLC)","Adult: 4.0 - 11.0Child: 6.0 - 17.5Neonate: 9.0 - 30.0","*10^9/l","","Standard","Decimal","0 - 999","4 - 11"
"","54","Neutrophils","Adult: 40 - 75Child: 32 - 60","%","","Standard","Decimal","0 - 100","40 - 75"
"","55","Monocytes","Adult: 2 - 10Child: 2 - 9","%","","Standard","Decimal","0 - 100","2 - 10"
"","56","Eosinophils","Adult: 01 - 05Child: 01 - 04","%","","Standard","Decimal","0 - 100","1 - 5"
"","57","Platelets Count","150 - 400","*10^9/l","","Standard","Decimal","0 - 99999","150 - 400"
"","58","Lymphocytes","Adult: 20 - 50Child: 26 - 40","%","","Standard","Decimal","0 - 100","20 - 50"
"","59","Glomerular Filtration Rate (GFR)","Normal or high: >=90","mL/Min/1.73m^2","","Standard","Formula","0 - 999999","0 - 90"
"","60","HBsAb (Screening)","Negative","","","Standard","List","0 - 500","0 - 9999"
"","61","HBeAg (Screening)","Negative","","","Standard","List","0 - 500","0 - 999"
"","62","HBeAb (Screening)","Negative","","","Standard","List","0 - 500","0 - 999"
"","63","HBcAb (Screening)","Negative","","","Standard","List","0 - 500","0 - 999"
"","64","Creatinine","Male: 0.7 - 1.2Female: 0.6 - 1.1Child1 Day: 0.6 - 1.23 Months: 0.2 - 0.41 Year: 0.3 - 0.72-12 Years: 0.35 - 1.0","mg/dl","","Standard","Decimal","0 - 40","0.6 - 1.2"
"","65","Glomerular Filtration Rate (GFR)CKD-EPI Creatinine (2021)","Normal or high: >=90Mild decrease: 60 - 89Mild to moderate decrease: 45 - 59Moderate to severe decrease: 30 - 44Severe decrease: 15 - 29","mL/Min/1.73m^2","","Standard","Formula","0 - 999999","0 - 500"
"","66","Creatinine","Male: 0.7 - 1.2Female: 0.6 - 1.1Child1 Day: 0.6 - 1.23 Months: 0.2 - 0.41 Year: 0.3 - 0.72-12 Years: 0.35 - 1.0","mg/dl","","Standard","Decimal","0 - 40","0.6 - 1.2"
"","67","Glomerular Filtration Rate (GFR)CKD-EPI Creatinine (2021)","Normal or high: >=90Mild decrease: 60 - 89Mild to moderate decrease: 45 - 59Moderate to severe decrease: 30 - 44Severe decrease: 15 - 29","mL/Min/1.73m^2","","Standard","Formula","0 - 999999","0 - 500"
"","68","Cotinine Drug (COT) Urine","","","","Descriptive","Text","0 - 500","0 - 99999"
"","69","APTT","22 - 34","Sec.","","Standard","Decimal","0 - 102","22 - 34"
"","70","Eosinophil, Absolute","0.02 - 0.50","*10^9/l","","Standard","Decimal","0 - 100","0.02 - 0.5"
"","71","Lymphocytes","20 - 50","%","","Standard","Decimal","0 - 100","20 - 50"
"","72","Monocytes","2 - 10","%","","Standard","Decimal","0 - 100","2 - 10"
"","73","Neutrophil, Absolute","2.0 - 7.0","*10^9/L","","Standard","Decimal","0 - 15","2 - 7"
"","74","Total Cell Count","-","/cu.mm","","Standard","Decimal","0 - 500","0 - 99999"
"","75","Albumin (Fluid)","-","g/dl","","Standard","Decimal","0 - 500","0 - 99999"
"","76","Protein (Spot Urine)","Less Than 35","mg/dl","","Standard","Decimal","0 - 105","0 - 35"
"","77","Amylase (Spot Urine)","Less Than 481","U/L","","Standard","Decimal","0 - 3000","0 - 481"
"","78","Bile Salt (Urine)","","","","Descriptive","Text","0 - 500","0 - 99999"
"","79","Bleeding Time (BT)","3 - 7","minutes","","Standard","Decimal","0 - 99","3 - 7"
"","80","ESR","Female: < 20Male: < 10","mm/1st hr","","Standard","Decimal","0 - 200","0 - 20"
"","81","Hemoglobin (HB)","Female: 11.5 - 14.0Male: 13.5 - 17.5","g/dl","","Standard","Decimal","0 - 500","11.5 - 17.5"
"","82","Red Blood Cell (RBC)","4 - 6","*10^12/l","","Standard","Machine","0 - 999999","4 - 6"
"","83","Hematocrit (HCT)","40.0 - 52.0","%","","Standard","Decimal","0 - 100","40 - 52"
"","84","Mean Cell Volume (MCV)","75.0 - 100.0","fl","","Standard","Decimal","0 - 250","75 - 100"
"","85","Mean Cell Hemoglobin (MCH)","25.0 - 35.0","pg","","Standard","Decimal","0 - 250","25 - 35"
"","86","Mean Cell Hb Conc (MCHC)","31.0 - 38.0","g/dl","","Standard","Decimal","0 - 250","31 - 38"
"","87","Red Cell Dist. Width (RDW-CV)","11.0 - 16.0","%","","Standard","Decimal","0 - 100","11 - 16"
"","88","Red Cell Dist. Width (RDW-SD)","35.0 - 56.0","fl","","Standard","Decimal","0 - 500","35 - 56"
"","89","Platelets Count","150 - 400","*10^9/l","","Standard","Machine","0 - 999999","150 - 400"
"","90","Mean Platelet Volume (MPV)","7.0 - 11.0","fL","","Standard","Decimal","0 - 500","7 - 11"
"","91","Platelet Distribution Width (PDW)","9.0 - 17.0","-","","Standard","Decimal","0 - 500","9 - 17"
"","92","Plateletcrit (PCT)","1.08 - 2.82","mL/L","","Standard","Decimal","0 - 500","1.08 - 2.82"
"","93","P-LCC","30 - 90","*10^9/l","","Standard","Decimal","0 - 500","30 - 90"
"","94","P-LCR","0.110 - 0.450","-","","Standard","Decimal","0 - 500","0.11 - 0.45"
"","95","White Blood Cell (WBC/TLC)","4 - 11","*10^9/l","","Standard","Decimal","0 - 999","4 - 11"
"","96","Neutrophils","40 - 75","%","","Standard","Machine","0 - 999999","40 - 75"
"","97","Eosinophil","1 - 6","%","","Standard","Decimal","0 - 100","1 - 6"
"","98","Basophils","0.0 - 1.0","%","","Standard","Decimal","0 - 100","0 - 1"
"","99","Lymphocyte, Absolute","0.80 - 4.0","*10^9/l","","Standard","Decimal","0 - 500","0.8 - 4"
"","100","Monocyte, Absolute","0.12 - 1.20","*10^9/l","","Standard","Decimal","0 - 500","0.12 - 1.2"
"","101","Basophil, Absolute","0.00 - 0.10","*10^9/l","","Standard","Decimal","0 - 500","0 - 0.1"
"","102","Band Cells","Less than 10","%","","Standard","Decimal","0 - 100","0 - 10"
"","103","Promeyelocyctes","-","%","","Standard","Decimal","0 - 100","0 - 0"
"","104","Metamyelocytes","-","%","","Standard","Decimal","0 - 100","0 - 99999"
"","105","Myelocytes","-","%","","Standard","Decimal","0 - 100","0 - 99999"
"","106","Atypical Mononuclear/ Blast cells","-","%","","Standard","Decimal","0 - 100","0 - 99999"
"","107","Corrected WBC's","-","/cmm","","Standard","Decimal","0 - 500","0 - 99999"
"","108","Nucleated RBCs","-","/100 WBC's","","Standard","Decimal","0 - 500","0 - 99999"
"","109","Note","","","","Descriptive","Text","0 - 500","0 - 99999"
"","110","Heamoglobin","Female: 11.5 - 14.0Male: 13.5 - 17.5","g/dl","","Standard","Decimal","0 - 52.5","11.5 - 17.5"
"","111","Patient Blood Group","-","-","","Standard","List","0 - 500","0 - 99999"
"","112","Donor Blood Group","-","-","","Standard","List","0 - 500","0 - 99999"
"","113","Donor Name","-","-","","Standard","Text","0 - 250","0 - 99999"
"","114","HBsAg (Screening)","Negative","-","Negative","Standard","List","0 - 500","0 - 99999"
"","115","Anti HCV (Screening)","Negative","-","Negative","Standard","List","0 - 500","0 - 99999"
"","116","HIV (Screening)","Negative","-","Negative","Standard","List","0 - 500","0 - 99999"
"","117","RPR (VDRL)","Negative","-","Negative","Standard","List","0 - 500","0 - 99999"
"","118","Malaril Parasite (MP)","Negative","-","Negative","Standard","List","0 - 500","0 - 99999"
"","119","Cross Match","-","-","","Standard","Text","0 - 250","0 - 99999"
"","120","Blood Bag Number","-","-","","Standard","Text","0 - 250","0 - 99999"
"","121","Blood Collection Date","-","-","","Standard","Date","2022-10-01 - 2026-12-31","0 - 99999"
"","122","Specimen","","","","Descriptive","AutoComplete","0 - 500","0 - 99999"
"","123","Gross Examination","","","","Descriptive","Text","0 - 500","0 - 99999"
"","124","Microscopy","","","","Sub Heading","Text","0 - 500","0 - 99999"
"","125","Conclusion","","","","Descriptive","Text","0 - 500","0 - 99999"
"","126","BUN/Creatinine Ratio","5 - 20","","","Standard","Decimal","0 - 60","5 - 20"
"","127","Creatinine (Spot Urine)","60 - 166","mg/dl","","Standard","Decimal","0 - 498","60 - 166"
"","128","Calcium (Spot Urine)","42 - 353","mg/L","","Standard","Decimal","0 - 1059","42 - 353"
"","129","Calcium/Creatinine (Spot Urine)","-","","","Standard","Decimal","0 - 500","0 - 99999"
"","130","Blast Cells","","","","Descriptive","Text","0 - 500","0 - 99999"
"","131","Promyelocytes","-","%","","Standard","Decimal","0 - 100","0 - 99999"
"","132","Basophil","-","%","","Standard","Decimal","0 - 100","0 - 99999"
"","133","Citrate (24 Hours Urine)","0.3 - 0.9","mg/24 hrs","","Standard","Decimal","0 - 2.7","0.3 - 0.9"
"","134","Volume","-","ml","","Standard","Decimal","0 - 250","0 - 99999"
"","135","Clotting Time (CT)","4 - 11","minutes","","Standard","Decimal","0 - 99","4 - 11"
"","136","Coombs Test Indirect","","","","Descriptive","Text","0 - 250","0 - 99999"
"","137","Coombs Test Direct","","","","Descriptive","Text","0 - 250","0 - 99999"
"","138","Creatinine (24 hrs urine)","0.5 - 1.5","G/24 hrs","","Standard","Decimal","0 - 4.5","0.5 - 1.5"
"","139","Total Volume","-","ml","","Standard","Decimal","0 - 9999","0 - 99999"
"","140","Donor Heamoglobin (HB)","Female: 11.5 - 14.0Male: 13.5 - 17.5","g/dl","","Standard","Decimal","0 - 52.5","11.5 - 17.5"
"","141","Saline Phase at 37 C","-","-","","Standard","Text","0 - 250","0 - 99999"
"","142","Bovine Albumin Phase at R.T.","-","-","","Standard","Text","0 - 250","0 - 99999"
"","143","Bovine Albumin Phase at 37 C","-","-","","Standard","Text","0 - 250","0 - 99999"
"","144","Coombs Phase at 37 C","-","-","","Standard","Text","0 - 250","0 - 99999"
"","145","ZN Stain","","","","Descriptive","Text","0 - 500","0 - 99999"
"","146","Metamyelocyctes","-","%","","Standard","Decimal","0 - 100","0 - 99999"
"","147","Myelocyctes","-","%","","Standard","Decimal","0 - 100","0 - 99999"
"","148","Drain Urine for Urea","","","","Descriptive","Text","0 - 500","0 - 99999"
"","149","Gram stain","","","","Descriptive","Text","0 - 250","0 - 99999"
"","150","Eosinophil, Absolute","0.04 - 0.40","*10^9/l","","Standard","Decimal","0 - 1.2","0.04 - 0.4"
"","151","Erythropoietin (EPO)","4.3 - 29.99","mIU/ml","","Standard","Decimal","0 - 89.97","4.3 - 29.99"
"","152","ESR","Female: Less than 20Male: Less than 10","mm/1st hr","","Standard","Decimal","0 - 200","0 - 20"
"","153","Blood Sugar 1-HRS","60 - 140","mg/dl","","Standard","Decimal","0 - 420","60 - 140"
"","154","Blood Sugar Fasting","60 - 110","mg/dl","","Standard","Decimal","0 - 420","60 - 140"
"","155","Blood C/E (Complete, CBC)","","","","Sub Heading","Text","0 - 500","0 - 99999"
"","156","Red Blood Cell (RBC)","4.0 - 6.0","*10^12/l","","Standard","Decimal","0 - 999","4 - 6"
"","157","RBC Morphology","","","","Sub Heading","Text","0 - 500","0 - 99999"
"","158","Hypochromia","","","","Descriptive","Text","0 - 500","0 - 99999"
"","159","RBC's Morphology:","","","","Descriptive","Text","0 - 250","0 - 99999"
"","160","WBC's morphology:","","","","Descriptive","Text","0 - 500","0 - 99999"
"","161","Microcytosis","","","","Descriptive","Text","0 - 500","0 - 99999"
"","162","Macrocytosis","","","","Descriptive","Text","0 - 500","0 - 99999"
"","163","PLATELETS:","","","","Descriptive","Text","0 - 500","0 - 99999"
"","164","Teardrop cells","","","","Descriptive","Text","0 - 500","0 - 99999"
"","165","Malarial Parasite (MP)","","","","Standard","Text","0 - 250","0 - 99999"
"","166","Anisocytosis","","","","Descriptive","Text","0 - 500","0 - 99999"
"","167","Poikilocytosis","","","","Descriptive","Text","0 - 500","0 - 99999"
"","168","Pencil Cells","","","","Descriptive","Text","0 - 500","0 - 99999"
"","169","Normocytic","","","","Descriptive","Text","0 - 500","0 - 99999"
"","170","Normochromic","","","","Descriptive","Text","0 - 500","0 - 99999"
"","171","Target Cells","","","","Descriptive","Text","0 - 500","0 - 99999"
"","172","Acanthocytes","","","","Descriptive","Text","0 - 500","0 - 99999"
"","173","Spherocytes","","","","Descriptive","Text","0 - 500","0 - 99999"
"","174","Nucleated RBCs","","","","Descriptive","Text","0 - 500","0 - 99999"
"","175","Mild RBCs Fragmentation","","","","Descriptive","Text","0 - 500","0 - 99999"
"","176","Schistocytes","","","","Descriptive","Text","0 - 500","0 - 99999"
"","177","Polychromasia","","","","Descriptive","Text","0 - 500","0 - 99999"
"","178","Lymphocytes","Adult: 25 - 40, Child: 45- 70","%","","Standard","Decimal","0 - 100","25 - 70"
"","179","Neutrophils","Adult: 55 - 70, Child: 20 - 45","%","","Standard","Decimal","0 - 100","20 - 70"
"","180","Eosinophils","Adult: 01 - 05, Child: 02 - 07","%","","Standard","Decimal","0 - 100","1 - 7"
"","181","Blast cells","-","%","","Standard","Decimal","0 - 100","0 - 99999"
"","182","Remarks","","","","Descriptive","Text","0 - 500","0 - 99999"
"","183","HB. Electrophoresis","","","","Sub Heading","Text","0 - 500","0 - 99999"
"","184","HB-A","96 - 99","%","","Standard","Decimal","0 - 100","96 - 99"
"","185","HB-C","-","%","","Standard","Decimal","0 - 100","0 - 99999"
"","186","HB-F","0.1 - 1.0","%","","Standard","Decimal","0 - 100","0.1 - 1"
"","187","HB-A2","1.8 - 3.2","%","","Standard","Decimal","0 - 100","1.8 - 3.2"
"","188","HB-S/D","-","%","","Standard","Decimal","0 - 100","0 - 99999"
"","189","HCT (PCV)","38.0 - 52.0","%","","Standard","Decimal","0 - 100","38 - 52"
"","190","L.D.H (CSF)","20 - 45","","","Standard","Decimal","0 - 99999","20 - 45"
"","191","lipase (Fluid)","30 - 180","U/L","","Standard","Decimal","0 - 540","30 - 180"
"","192","Malarial Parasite (Thick & Thin)","","","","Descriptive","Text","0 - 500","0 - 99999"
"","193","Mean Cell Hemoglobin (MCH)","25 - 35","pg","","Standard","Decimal","0 - 105","25 - 35"
"","194","Mean Cell Hb Conc (MCHC)","30 - 35","g/dl","","Standard","Decimal","0 - 105","30 - 35"
"","195","Oxalate (24 Hours Urine)","2.0 - 40.0","mg/24 hrs","","Standard","Decimal","0 - 120","2 - 40"
"","196","Platelets","","","","Descriptive","Text","0 - 500","0 - 99999"
"","197","RBC's Morphology","","","","Descriptive","Text","0 - 500","0 - 99999"
"","198","WBC's Morphology","","","","Descriptive","Text","0 - 500","0 - 99999"
"","199","Platelets Count","","","","Descriptive","Text","0 - 500","0 - 99999"
"","200","DLC","-","","","Standard","Text","0 - 500","0 - 99999"
"","201","pH (Urine)","","","","Descriptive","List","0 - 250","0 - 99999"
"","202","Ketone (Urine)","","","NIL","Descriptive","Text","0 - 250","0 - 99999"
"","203","Phosphate Spot Urine","400 - 1300","mg/24 Hours","","Standard","Decimal","0 - 3900","400 - 1300"
"","204","PT","10.2 - 13.5","sec.","","Standard","Decimal","0 - 40.5","10.2 - 13.5"
"","205","INR","0.8 - 1.1","Ratio","","Standard","Decimal","0 - 99","0.8 - 1.1"
"","206","Red Cell Folate","4.5 - 45.3","nmol/l","","Standard","Decimal","0 - 135.9","4.5 - 45.3"
"","207","Reticulocyte Count","Adult: 0.20 - 2.0Newborn: 2.00 - 6.0","%","","Standard","Decimal","0 - 100","0.2 - 6"
"","208","Total Lipids","400 - 900","mg/dl","","Standard","Decimal","0 - 2700","400 - 900"
"","209","Unionized Calcium","4 - 5.5","mg/dl","","Standard","Decimal","0 - 16.5","4 - 5.5"
"","210","Urea (Spot Urine)","15 - 40","mg/dl","","Standard","Decimal","0 - 120","15 - 40"
"","211","Uric Acid (Spot Urine)","(See below)","mg/dl","","Standard","Decimal","0 - 500","0 - 99999"
"","212","V.L.D.L","Normal: < 30Borderline High: 30 to 40High: 40 to 100Very High: > 100","mg/dl","","Standard","Decimal","0 - 120","0 - 40"
"","213","Occult Blood","","","","Standard","Text","0 - 250","0 - 99999"
"","214","Pus Cells","Nil","","Nil","Standard","Text","0 - 250","0 - 99999"
"","215","RBC'S","-","/cmm","","Standard","Decimal","0 - 250","0 - 99999"
"","216","A.N.A Screen IgG","","","","Descriptive","Text","0 - 250","0 - 99999"
"","217","Anti HIV - 1&2 (ICT)","Negative","","","Standard","List","0 - 500","0 - 99999"
"","218","Anti HIV 1&2 Ellisa","","","","Descriptive","Text","0 - 500","0 - 99999"
"","219","Patient's Value","Negative: < 20Positive: > 20","U/ml","","Standard","Decimal","0 - 60","0 - 20"
"","220","ASO titer","Adult: Less than 200Child: Less than 150","lu/ml","","Standard","Decimal","0 - 600","0 - 200"
"","221","Dengue NS1 Antigen","","","","Descriptive","Text","0 - 500","0 - 99999"
"","222","HBsAg Screening","Negative","","","Standard","List","0 - 500","0 - 99999"
"","223","Hepatitis B Surface Antigen","","","","Descriptive","List","0 - 500","0 - 99999"
"","224","Patient's Index Value","","","","Descriptive","Text","0 - 500","0 - 99999"
"","225","HCV Screening","Negative","","","Standard","List","0 - 500","0 - 99999"
"","226","LE Cells","","","","Descriptive","Text","0 - 500","0 - 99999"
"","227","Monospot Test","Negative : < 9.0Grey zone :9.0 to 11.0Positive : > 11.0","","","Standard","Decimal","0 - 33","0 - 11"
"","228","R.A Factor IgG","Negative: < 20Positive: > 20","IU/ml","","Standard","Decimal","0 - 60","0 - 20"
"","229","R.A Factor IgM","Negative: < 25.0Positive: > 25.0Indication of Rheumatoid Arthritis: > 70","IU/ml","","Standard","Decimal","0 - 75","0 - 25"
"","230","RPR (Syphilis)","Negative: < 0.9Positive: > 0.9","","","Standard","Decimal","0 - 2.7","0 - 0.9"
"","231","Rh Antibody Titer","","","","Descriptive","Text","0 - 250","0 - 99999"
"","232","Salmonella Typhi IgG ELISA","","","","Descriptive","Text","0 - 500","0 - 99999"
"","233","Salmonella Typhi igM ELISA","","","","Descriptive","Text","0 - 500","0 - 99999"
"","234","PH","Neutral","","","Standard","List","0 - 250","0 - 99999"
"","235","Reducing Substance","","","","Descriptive","List","0 - 500","0 - 99999"
"","236","V.D.R.L","Non-Reactive: < 0.9Borderline: 0.9 to 1.1Reactive: > 1.1","","","Standard","Decimal","0 - 100","0 - 1.1"
"","237","25-OH Vitamin - D3","Deficiency: <10Insufficiency: 10-29Sufficiency: 30-100Potential Toxicity: >100","ng/ml","","Standard","Decimal","0 - 300","10 - 100"
"","238","Alpha Feto-Protein","Less Than 10","µIU/ml","","Standard","Decimal","0 - 100000","0 - 10"
"","239","Anti CCP Antibody (CPA Elisa)","Negative: < 18Borderline: 18 to 22Positive: > 22","U/mL","","Standard","Decimal","0 - 66","0 - 22"
"","240","Anti Ds DNA IgG","Negative: < 1.0Borderline: 1.0 to 1.2Positive: > 1.2","IU/ml","","Standard","Decimal","0 - 3.6","0 - 1.2"
"","241","Anti HDV IgG","","","","Descriptive","Text","0 - 500","0 - 99999"
"","242","Anti HDV IgM","","","","Descriptive","Text","0 - 500","0 - 99999"
"","243","Anti Helicobacter Pylori Screening","Negative","","","Standard","List","0 - 500","0 - 99999"
"","244","Anti Tissue Transglutaminase IgA","Negative < 20.0Positive >20.0","U/ml","","Standard","Decimal","0 - 60","0 - 20"
"","245","Anti Tissue Transglutaminase IgG","Negative: < 18Borderline: 18 - 22Positive: > 22","U/mL","","Standard","Decimal","0 - 66","0 - 22"
"","246","Thyroid Antibodies","50.0 - 70.0","IU/ml","","Standard","Decimal","0 - 210","50 - 70"
"","247","Beta 2 Glycoprotein-1 IgG","Negative < 10.0Positive > 10.0","-","","Standard","Decimal","0 - 30","0 - 10"
"","248","Beta 2 Glycoprotein-1 IgM","Negative < 10.0Positive > 10.0","-","","Standard","Decimal","0 - 30","0 - 10"
"","249","BETA HCG","","","","Descriptive","Text","0 - 500","0 - 99999"
"","250","C-Reactive Protein (CRP)","Less Than 6","mg/L","","Standard","Decimal","0 - 500","0 - 6"
"","251","CA-125","Less Than 35","U/ml","","Standard","Decimal","0 - 999999","0 - 35"
"","252","CA-19-9","Less Than 37","u/ml","","Standard","Decimal","0 - 999","0 - 37"
"","253","Metanephrine Urine","Less Than 350","ug/24 Hours","","Standard","Decimal","0 - 1050","0 - 350"
"","254","Normetanephrine Urine","Less Than 600","ug/24 Hours","","Standard","Decimal","0 - 1800","0 - 600"
"","255","Dopamine","Less Than 600","ug/24 Hours","","Standard","Decimal","0 - 1800","0 - 600"
"","256","Cortisol AM","138.0 - 690.0","nmol/l","","Standard","Decimal","0 - 2070","138 - 690"
"","257","Cortisol PM","69.0 - 345.0","nmol/l","","Standard","Decimal","0 - 1035","69 - 345"
"","258","COVID-19 Anti-Spike IgG Antibody Test","Non-Reactive <7.1Reactive = 7.1","BAU/mL","","Standard","Decimal","0 - 21.3","0 - 7.1"
"","259","COVID-19 Antigen Rapid Test","","","","Descriptive","Text","0 - 500","0 - 99999"
"","260","Serum Creatinine","Male: 0.7 - 1.2Female: 0.6 - 1.1","mg/dl","","Standard","Decimal","0 - 40","0.6 - 1.2"
"","261","Urine Creatinine","60 - 166","mg/dl","","Standard","Decimal","0 - 498","60 - 166"
"","262","Creatinine Clearance","90.0 - 120.0","ml/min","","Standard","Decimal","0 - 360","90 - 120"
"","263","CRP (High Sensitivity)","Neonatal: Serum 0.01 - 0.35Adult: Serum 0.068 - 8.2","mg/l","","Standard","Decimal","0 - 500","0.01 - 8.2"
"","264","Cyclosporin (C2) 2 Hours After Dose","(See below)","ng/ml","","Standard","Decimal","0 - 500","0 - 99999"
"","265","Folic Acid","3.00 - 20.00","ng/ml","","Standard","Decimal","0 - 60","3 - 20"
"","266","Egg White","Less Than 0.35","kU/L","","Standard","Decimal","0 - 1.05","0 - 0.35"
"","267","Egg Yolk","Less Than 0.35","kU/L","","Standard","Decimal","0 - 1.05","0 - 0.35"
"","268","Cow's Milk","Less Than 0.35","kU/L","","Standard","Decimal","0 - 1.05","0 - 0.35"
"","269","Cow's Milk, UHT","Less Than 0.35","kU/L","","Standard","Decimal","0 - 1.05","0 - 0.35"
"","270","Casein","Less Than 0.35","kU/L","","Standard","Decimal","0 - 1.05","0 - 0.35"
"","271","Wheat Flour","Less Than 0.35","kU/L","","Standard","Decimal","0 - 1.05","0 - 0.35"
"","272","Gluten","Less Than 0.35","kU/L","","Standard","Decimal","0 - 1.05","0 - 0.35"
"","273","Rice","Less Than 0.35","kU/L","","Standard","Decimal","0 - 1.05","0 - 0.35"
"","274","Soyabean","Less Than 0.35","kU/L","","Standard","Decimal","0 - 1.05","0 - 0.35"
"","275","Sesame","Less Than 0.35","kU/L","","Standard","Decimal","0 - 1.05","0 - 0.35"
"","276","Peanut","Less Than 0.35","kU/L","","Standard","Decimal","0 - 1.05","0 - 0.35"
"","277","Hazelnut","Less Than 0.35","kU/L","","Standard","Decimal","0 - 1.05","0 - 0.35"
"","278","Pistachio","Less Than 0.35","kU/L","","Standard","Decimal","0 - 1.05","0 - 0.35"
"","279","Sunflower seed","Less Than 0.35","kU/L","","Standard","Decimal","0 - 1.05","0 - 0.35"
"","280","Pumpkin Seed","Less Than 0.35","kU/L","","Standard","Decimal","0 - 1.05","0 - 0.35"
"","281","Cocoa bean","Less Than 0.35","kU/L","","Standard","Decimal","0 - 1.05","0 - 0.35"
"","282","Orange","Less Than 0.35","kU/L","","Standard","Decimal","0 - 1.05","0 - 0.35"
"","283","Strawberry","Less Than 0.35","kU/L","","Standard","Decimal","0 - 1.05","0 - 0.35"
"","284","Apple","Less Than 0.35","kU/L","","Standard","Decimal","0 - 1.05","0 - 0.35"
"","285","Banana","Less Than 0.35","kU/L","","Standard","Decimal","0 - 1.05","0 - 0.35"
"","286","Kiwi","Less Than 0.35","kU/L","","Standard","Decimal","0 - 1.05","0 - 0.35"
"","287","Mulberry","Less Than 0.35","kU/L","","Standard","Decimal","0 - 1.05","0 - 0.35"
"","288","Fig","Less Than 0.35","kU/L","","Standard","Decimal","0 - 1.05","0 - 0.35"
"","289","Tomato","Less Than 0.35","kU/L","","Standard","Decimal","0 - 1.05","0 - 0.35"
"","290","Carrot","Less Than 0.35","kU/L","","Standard","Decimal","0 - 1.05","0 - 0.35"
"","291","Potato","Less Than 0.35","kU/L","","Standard","Decimal","0 - 1.05","0 - 0.35"
"","292","Onion","Less Than 0.35","kU/L","","Standard","Decimal","0 - 1.05","0 - 0.35"
"","293","Peach","Less Than 0.35","kU/L","","Standard","Decimal","0 - 1.05","0 - 0.35"
"","294","Cherry","Less Than 0.35","kU/L","","Standard","Decimal","0 - 1.05","0 - 0.35"
"","295","Olive","Less Than 0.35","kU/L","","Standard","Decimal","0 - 1.05","0 - 0.35"
"","296","Bean, Green","Less Than 0.35","kU/L","","Standard","Decimal","0 - 1.05","0 - 0.35"
"","297","Fish Mix 1","Less Than 0.35","kU/L","","Standard","Decimal","0 - 1.05","0 - 0.35"
"","298","Shellfish Mix 1","Less Than 0.35","kU/L","","Standard","Decimal","0 - 1.05","0 - 0.35"
"","299","Meat Mix 2(Beef,Lamb)","Less Than 0.35","kU/L","","Standard","Decimal","0 - 1.05","0 - 0.35"
"","300","Chicken","Less Than 0.35","kU/L","","Standard","Decimal","0 - 1.05","0 - 0.35"
"","301","HCV Antigen","Non-Reactive < 3.00Reactive >= 3.00","","","Standard","Decimal","0 - 9","0 - 3"
"","302","IgE","Less Than 180","IU/ml","","Standard","Decimal","0 - 540","0 - 180"
"","303","Interleukin 6 (IL-6)","1.5 - 48","pg/mL","","Standard","Decimal","0 - 144","1.5 - 48"
"","304","PIVKA-II","Less Than 40","mAU/mL","","Standard","Text","0 - 500","0 - 40"
"","305","R.A. Factor (Quantitative)","Less Than 30","IU/mL","","Standard","Decimal","0 - 90","0 - 30"
"","306","Serum SHBG","11.00 - 78.00","nmol/L","","Standard","Decimal","0 - 234","11 - 78"
"","307","Stool for Calprotectin","Normal: <50Slightly Elevated: 50 - 200Significantly Elevated: >200","mg/kg","","Standard","Decimal","0 - 1000","0 - 200"
"","308","Stool for Clostridium-Difficile Toxin","Negative: < 0.9Equivocal: 0.9 to 1.1Positive: > 1.1","-","","Standard","Decimal","0 - 3.3","0 - 1.1"
"","309","Stool for H. Pylori Antigen","Negative: < 0.9Borderline: 0.9 to 1.1Positive: > 1.1","ng/ml","","Standard","Decimal","0 - 3.3","0 - 1.1"
"","310","Vitamin B12 Level","Newborn: 160 - 1300Adult: 200 - 835Above 60 years : 110 - 800","pg/ml","","Standard","Decimal","0 - 2505","200 - 835"
"","311","Monocytes","Adult: 01 - 05, Child: 02 - 10","%","","Standard","Decimal","0 - 100","1 - 10"
"","312","Urine for Amylase","1.0 - 17","U/HRS","","Standard","Decimal","0 - 51","1 - 17"
"","313","Osmolality (Urine)","700.0 - 1500.0","mOsmol/kg","","Standard","Decimal","0 - 4500","700 - 1500"
"","314","Pus for Gram Stain","","","","Descriptive","Text","0 - 250","0 - 99999"
"","315","Physical Examination","","","","Sub Heading","Text","0 - 250","0 - 99999"
"","316","Color","","","","Standard","Text","0 - 250","0 - 99999"
"","317","Consistency","","","","Standard","Text","0 - 250","0 - 99999"
"","318","Odour","","","Fecal","Standard","Text","0 - 500","0 - 99999"
"","319","Reaction","","","NIL","Standard","Text","0 - 250","0 - 99999"
"","320","Mucus","","","NIL","Standard","Text","0 - 250","0 - 99999"
"","321","Blood","","","NIL","Standard","Text","0 - 250","0 - 99999"
"","322","Parasite","","","NIL","Standard","Text","0 - 250","0 - 99999"
"","323","Microscopic Examination","","","","Sub Heading","Text","0 - 250","0 - 99999"
"","324","Pus Cells/WBC","","","","Standard","Text","0 - 250","0 - 99999"
"","325","RBC","","","NIL","Standard","Text","0 - 250","0 - 99999"
"","326","Fats","","","NIL","Standard","Text","0 - 250","0 - 99999"
"","327","Ova","","","Not Seen.","Standard","Text","0 - 250","0 - 99999"
"","328","Cysts of protozoa","","","Not Seen.","Standard","Text","0 - 250","0 - 99999"
"","329","Bacteria","Nil","","Nil","Standard","Text","0 - 250","0 - 99999"
"","330","Vegetative forms","","","NIL","Standard","Text","0 - 500","0 - 99999"
"","331","Macrophages","","","NIL","Standard","Text","0 - 500","0 - 99999"
"","332","Muscle cells","","","NIL","Standard","Text","0 - 500","0 - 99999"
"","333","Starch","","","NIL","Standard","Text","0 - 500","0 - 99999"
"","334","Epithelial Cells","Nil","","Nil","Standard","Text","0 - 500","0 - 99999"
"","335","Yeast Cells","Nil","","Nil","Standard","Text","0 - 250","0 - 99999"
"","336","Stool for Occult Blood","","","","Descriptive","List","0 - 500","0 - 99999"
"","337","Red Blood Cells","Nil","","Nil","Standard","Text","0 - 500","0 - 99999"
"","338","Color","Pale Yellow - Yellow","","","Standard","Text","0 - 250","0 - 99999"
"","339","Turbidity","Nil","","Nil","Standard","Text","0 - 250","0 - 99999"
"","340","Deposit","Nil","","Nil","Standard","Text","0 - 250","0 - 99999"
"","341","Specific Gravity","1.005 - 1.025","","","Standard","Text","0 - 250","0 - 99999"
"","342","Chemical Examination","","","","Sub Heading","Text","0 - 250","0 - 99999"
"","343","Glucose","Nil","","Nil","Standard","Text","0 - 250","0 - 99999"
"","344","Ketones","Nil","","Nil","Standard","Text","0 - 500","0 - 99999"
"","345","Protein","Nil","","Nil","Standard","Text","0 - 250","0 - 99999"
"","346","Bilirubin","Nil","","Nil","Standard","Text","0 - 250","0 - 99999"
"","347","Nitrate","Negative","","Negative","Standard","Text","0 - 250","0 - 99999"
"","348","Haemoglobin","Male: 13.5 - 17.5, Female: 11.5 -14.0","g/dl","","Standard","Decimal","0 - 52.5","11.5 - 17.5"
"","349","Urobilirubin","","","Normal","Standard","Text","0 - 250","0 - 99999"
"","350","Blood","Nil","","Nil","Standard","Text","0 - 250","0 - 99999"
"","351","Casts","","","","Sub Heading","List","0 - 500","0 - 99999"
"","352","Granular Cast","Nil","","Nil","Standard","Text","0 - 500","0 - 99999"
"","353","Dead spermatozoa","Nil","","Nil","Standard","Text","0 - 250","0 - 99999"
"","354","Crystals","","","","Sub Heading","Text","0 - 250","0 - 99999"
"","355","Calcium Oxalate Crystal","Nil","","Nil","Standard","Text","0 - 500","0 - 99999"
"","356","Triple Phosphate Crystal","Nil","","Nil","Standard","Text","0 - 500","0 - 99999"
"","357","Calcium phosphate","Nil","","Nil","Standard","Text","0 - 500","0 - 99999"
"","358","Uric Acid","Nil","","Nil","Standard","Text","0 - 500","0 - 99999"
"","359","Amorphous","Nil","","Nil","Standard","Text","0 - 250","0 - 99999"
"","360","Ketones","","","NIL","Descriptive","Text","0 - 500","0 - 99999"
"","361","Urine Sugar","","","","Descriptive","Text","0 - 250","0 - 99999"
"","362","Free T3","1.20 - 4.20","pg/ml","","Standard","Decimal","0 - 12.6","1.2 - 4.2"
"","363","Free T4","9.00 - 22.0","pmol/l","","Standard","Decimal","0 - 66","9 - 22"
"","364","Free Testosterone Serum","Male: 15.0 - 50.0, Female: < 4.20","Pg/ml","","Standard","Decimal","0 - 150","4.2 - 50"
"","365","FSH","Male: 1.37 - 13.58FemaleFollicular Phase: 2.45 - 9.47Ovulatory Phase: 4.97 - 15.67Luteal Phase: 1.01 - 6.40Postmenopause: 25.80 - 150.53","mIU/ml","","Standard","Decimal","0 - 453","1.3 - 151"
"","366","Growth Hormone (GH)","(See below)","ng/ml","","Standard","Decimal","0 - 500","0 - 99999"
"","367","Intact Parathyroid Hormone (IPTH) (Fasting)","14.5 - 87.1","pg/mL","","Standard","Decimal","0 - 99999","14.5 - 87.1"
"","368","LH","Male: 1.20 - 9.0FemaleFollicular phase: 0.90 - 15.0Ovulatory phase: 15.0 - 90.0Luteal phase: 0.80 - 15.0Postmenopause: 10.0 - 65.0","mIU/ml","","Standard","Decimal","0 - 270","0.9 - 90"
"","369","Prolactin","Female: 3.47 - 35.0Male: 2.35 - 25.9","ng/ml","","Standard","Decimal","0 - 999","2.35 - 35"
"","370","PTH","14.5 - 87.1","pg/mL","","Standard","Decimal","0 - 261.3","14.5 - 87.1"
"","371","T3","0.56 - 1.88","ng/mL","","Standard","Decimal","0 - 100.0","0.56 - 1.88"
"","372","T4","59.00 - 153.0","nmol/L","","Standard","Decimal","0 - 459","59 - 153"
"","373","Testosterone","Males: 6.40 - 31.80Females: 0.20 - 4.40","nmol/L","","Standard","Decimal","0 - 95.4","0.2 - 31.8"
"","374","TSH","Adult: 0.40 - 4.00Child: 0.40 - 7.00","µIU/mL","","Standard","Decimal","0 - 100","0.4 - 7"
"","375","Biopsy #","","","","Descriptive","AutoComplete","0 - 500","0 - 99999"
"","376","History","","","","Descriptive","Text","0 - 500","0 - 99999"
"","377","Procedure","","","","Descriptive","Text","0 - 500","0 - 99999"
"","378","Case Summary (based on CAP protocol)","","","","Descriptive","Text","0 - 500","0 - 99999"
"","379","Diagnosis","","","","Descriptive","Text","0 - 500","0 - 99999"
"","380","Advised","","","","Descriptive","Text","0 - 500","0 - 99999"
"","381","Review Biopsy Slide","","","","Descriptive","Text","0 - 500","0 - 99999"
"","382","Urine for Pregnancy Test","Negative-No PregnancyPositive-Pregnancy Confirmed","","","Standard","List","0 - 500","0 - 99999"
"","383","Pregnancy","1 - 3","","","Standard","Integer","1 - 5","1 - 3"
"","384","17-OH Progesterone","1 to 2 days: 65 - 4003 to 6 days: 60 - 2501 to 3 weeks: 20 - 2201 to 3 months: 5 - 1501 to 3 years: 5 - 903 to 6 years: 5 - 906 to 15 years: 10 - 160Adult:Male: 10 - 285Female: 10 - 285","ng/dl","","Standard","Decimal","0 - 855","10 - 285"
"","385","ACTH","8.3 - 57.8","pg/ml","","Standard","Decimal","0 - 173.4","8.3 - 57.8"
"","386","Adenosine Deaminase (ADA)","Serum < 15CSF < 9Fluid < 30","U/L","","Standard","Decimal","0 - 999","0 - 30"
"","387","Aldosterone Level","Male: 0.35 - 3.15Female: 0.40 - 3.40","ng/ml","","Standard","Decimal","0 - 10.2","0.35 - 3.4"
"","388","Alpha-1","2 - 5","%","","Standard","Decimal","0 - 100","2 - 5"
"","389","Antibodies Related to Systemic Lupus Erythematosus (SLE)","","","","Sub Heading","Text","0 - 500","0 - 99999"
"","390","Anti Nucleosomes IgG","(See below)","U/ml","","Standard","Decimal","0 - 500","0 - 99999"
"","391","Anti dsDNA IgG","(See below)","U/ml","","Standard","Decimal","0 - 500","0 - 99999"
"","392","Anti Histones","(See below)","U/ml","","Standard","Decimal","0 - 500","0 - 99999"
"","393","Anti Sm IgG","(See below)","U/ml","","Standard","Decimal","0 - 500","0 - 99999"
"","394","Anti PCNA IgG","(See below)","U/ml","","Standard","Decimal","0 - 500","0 - 99999"
"","395","Anti Ribosome Protein IgG","(See below)","U/ml","","Standard","Decimal","0 - 500","0 - 99999"
"","396","Antibodies Related to Sharp Syndrome/MCTD","","","","Sub Heading","Text","0 - 500","0 - 99999"
"","397","Anti Sm/RNP IgG","(See below)","U/ml","","Standard","Decimal","0 - 500","0 - 99999"
"","398","Antibodies Related to Sjorgen’s Syndrome","","","","Sub Heading","Text","0 - 500","0 - 99999"
"","399","Anti SS-A","(See below)","U/ml","","Standard","Decimal","0 - 500","0 - 99999"
"","400","Anti SS-B","(See below)","U/ml","","Standard","Decimal","0 - 500","0 - 99999"
"","401","Anti RO-52","(See below)","U/ml","","Standard","Decimal","0 - 500","0 - 99999"
"","402","Antibodies Related to Systemic Sclerosis (Scleroderma)","","","","Sub Heading","Text","0 - 500","0 - 99999"
"","403","Anti ScI-70 IgG","(See below)","U/ml","","Standard","Decimal","0 - 500","0 - 99999"
"","404","Anti Centromere B","(See below)","U/ml","","Standard","Decimal","0 - 500","0 - 99999"
"","405","Anitbodies Related toPolymyositis/Scleroderma Overlap Syndrome","","","","Sub Heading","Text","0 - 500","0 - 99999"
"","406","Anti PM/Scl IgG","(See below)","U/ml","","Standard","Decimal","0 - 500","0 - 99999"
"","407","Antibodies Related to Myositis","","","","Sub Heading","Text","0 - 500","0 - 99999"
"","408","Anti Jo-1 IgG","(See below)","U/ml","","Standard","Decimal","0 - 500","0 - 99999"
"","409","Abs. Related to Primary Billiary Cirrhosis","","","","Sub Heading","Text","0 - 500","0 - 99999"
"","410","Anti Mitochondrial-M2 Ab (AMA-M2)","(See below)","U/ml","","Standard","Decimal","0 - 500","0 - 99999"
"","411","Anitbodies Related to Polymyositis/Scleroderma Overlap Syndrome","","","","Sub Heading","Text","0 - 500","0 - 99999"
"","412","ANCA-P (MPO Antibodies)","Negative: < 0.9Equivocal: 0.9 to 1.1Positive: > 1.1","-","","Standard","Decimal","0 - 3.3","0 - 1.1"
"","413","ANCA-C (P-3 Antibodies)","Negative: < 0.9Equivocal: 0.9 to 1.1Positive: > 1.1","-","","Standard","Decimal","0 - 3.3","0 - 1.1"
"","414","ANCA-C IgG","Negative: < 0.9Equivocal: 0.9 to 1.1Positive: > 1.1","","","Standard","Decimal","0 - 3.3","0 - 1.1"
"","415","ANCA-C IgM","Negative: < 0.9Equivocal: 0.9 to 1.1Positive: > 1.1","","","Standard","Decimal","0 - 3.3","0 - 1.1"
"","416","Androgen Level","15 - 70","ng/dl","","Standard","Decimal","0 - 210","15 - 70"
"","417","Anti Cardiolipin IgG","Negative < 15Equivocal 15 - 20Positive > 20","GPL U/ml","","Standard","Decimal","0 - 60","0 - 20"
"","418","Anti Cardiolipin IgM","Negative < 12.5Equivocal 12.5 - 20.0Positive > 20.0","MPL U/ml","","Standard","Decimal","0 - 60","0 - 20"
"","419","Anti Centromere-B","Less Than 20","AU/ml","","Standard","Decimal","0 - 60","0 - 20"
"","420","Anti Endomysial IgA","Negative < 9.0Borderline 9.0 - 11.0Positive > 11.0","U/ml","","Standard","Decimal","0 - 33","0 - 11"
"","421","Anti Endomysial IgG","Negative < 9.0Borderline 9.0 - 11.0Positive > 11.0","U/ml","","Standard","Decimal","0 - 33","0 - 11"
"","422","Anti GBM (Anti Glomerular Basement Membrane)","Negative: < 0.90Grayzone: 0.90 to 1.10Positive: > 1.10","-","","Standard","Decimal","0 - 3.3","0 - 1.1"
"","423","Anti Gliadin IgA","Negative: <12Positive: >12","u/ml","","Standard","Decimal","0 - 39","0 - 13"
"","424","Anti Gliadin IgG","","","","Descriptive","Text","0 - 500","0 - 99999"
"","425","CutOff Value","","","15.00","Descriptive","Text","0 - 500","0 - 99999"
"","426","Patient Value","","","","Descriptive","Text","0 - 500","0 - 99999"
"","427","Anti Gliadin IgM","","","","Descriptive","Text","0 - 500","0 - 99999"
"","428","Anti HBc","","","","Standard","Text","0 - 500","0 - 99999"
"","429","Cut Off Value","","","1.00","Standard","Text","0 - 250","0 - 99999"
"","430","Result","","","","Descriptive","Text","0 - 500","0 - 99999"
"","431","Anti HBc IgG","Non-Reactive: < 1.0Reactive: > 1.0","-","","Standard","Decimal","0 - 3","0 - 1"
"","432","Anti HBc IgM","Non-Reactive: < 1.1Reactive: > 1.1","-","","Standard","Decimal","0 - 3.3","0 - 1.1"
"","433","Patient's Value","Negative: <20Positive: >20","U/ml","","Standard","Decimal","0 - 99","0 - 20"
"","434","Anti HBs","","","","Descriptive","Text","0 - 500","0 - 99999"
"","435","ANTI HEV IgG","","","","Descriptive","Text","0 - 500","0 - 99999"
"","436","Patient Value:","","","","Descriptive","Text","0 - 500","0 - 99999"
"","437","ANTI HEV IgM:","","","","Descriptive","Text","0 - 500","0 - 99999"
"","438","Anti Kidney Liver Microsomal Antibodies (KLM)","Negative: <15Positive: >15","U/ml","","Standard","Decimal","0 - 45","0 - 15"
"","439","AMA (Anti Microsomal Antibodies) Blood","Negative: < 0.90Grayzone: 0.90 to 1.10Positive: > 1.10","AU/ml","","Standard","Decimal","0 - 3.3","0 - 1.1"
"","440","Anti Mullerian Hormone (AMH)","Female< 24 months: < 4.724 months - 12 years: < 8.813 - 45 years: 0.9 - 9.5> 45 years: < 1.0Males< 24 months: 14 - 46624 months - 12 years: 7.4 - 243> 12 years: 0.7 - 19","ng/mL","","Standard","Decimal","0 - 1398","0.7 - 466"
"","441","Barbiturate (BAR) Urine","","","","Descriptive","Text","0 - 500","0 - 99999"
"","442","Benzodiazepines (BZO) Urine","","","","Descriptive","Text","0 - 500","0 - 99999"
"","443","Cannabinoids (THC) Urine","","","","Descriptive","Text","0 - 500","0 - 99999"
"","444","Cocaine (COC) Urine","","","","Descriptive","Text","0 - 500","0 - 99999"
"","445","Morphine Derivatives (MOP)","","","","Descriptive","Text","0 - 500","0 - 99999"
"","446","Amphetamines (AMP) Urine","","","","Descriptive","Text","0 - 500","0 - 99999"
"","447","Marijuana (Urine)","","","","Descriptive","Text","0 - 500","0 - 99999"
"","448","Methadone (MTD) Urine","","","","Descriptive","Text","0 - 500","0 - 99999"
"","449","Methamphetamine (MET) Urine","","","","Descriptive","Text","0 - 500","0 - 99999"
"","450","Phencyclidine (PCP) Urine","","","","Descriptive","Text","0 - 500","0 - 99999"
"","451","Tricyclic Antidepressant (TCA) Urine","","","","Descriptive","Text","0 - 500","0 - 99999"
"","452","Anti Phospholipid IgG","Negative: < 10.0Positive: > 10.0","","","Standard","Decimal","0 - 30","0 - 10"
"","453","Anti Phospholipid IgM","Negative: < 10.0Positive: > 10.0","","","Standard","Decimal","0 - 30","0 - 10"
"","454","Anti SCL-70 IgG","Less Than 20","AU/ml","","Standard","Decimal","0 - 60","0 - 20"
"","455","Anti Smooth Muscle Antibodies (SMA)","Less Than 20","Au/ml","","Standard","Decimal","0 - 60","0 - 20"
"","456","Anti Sperm Antibodies (Serum)","Negative : <60.0Equivocal : 60.0 to 100.0Positive : >= 100.0","-","","Standard","Decimal","0 - 300","0 - 100"
"","457","Anti SS-A (RO)","Less Than 20","AU/ml","","Standard","Decimal","0 - 60","0 - 20"
"","458","Anti Thyroglobulin Antibodies (ATG)","Negative: < 58.50Equivocal: 58.50 - 71.50Positive: > 71.50","IU/ml","","Standard","Decimal","0 - 999","0 - 71.5"
"","459","Anti Thyroid Peroxidase (Blood TPO)","Less Than 30","IU/ml","","Standard","Decimal","0 - 90","0 - 30"
"","460","PH","7.38 - 7.46","","","Standard","Decimal","0 - 22.38","7.38 - 7.46"
"","461","PCO2","32 - 46","mmHg","","Standard","Decimal","0 - 138","32 - 46"
"","462","PO2","74 - 108","mmHg","","Standard","Decimal","0 - 324","74 - 108"
"","463","HCO3","21 - 29","mEq/L","","Standard","Decimal","0 - 87","21 - 29"
"","464","B.E","0.02 - 2.00","mEq/L","","Standard","Decimal","0 - 6","0.02 - 2"
"","465","O2 Saturation","94 - 100","%","","Standard","Decimal","0 - 100","94 - 100"
"","466","CONCLUSION:-","","","","Descriptive","Text","0 - 500","0 - 99999"
"","467","Brucella IgG","Negative: < 0.90Grayzone: 0.90 to 1.10Positive: > 1.10","IU/ml","","Standard","Decimal","0 - 3.3","0 - 1.1"
"","468","Brucella IgM","Negative: < 0.9Borderline: 0.9 to 1.1Positive: > 1.1","IU/ml","","Standard","Decimal","0 - 3.3","0 - 1.1"
"","469","C-Peptide Level","0.5 - 3.0","ng/ml","","Standard","Decimal","0 - 99","0.5 - 3"
"","470","C.E.A","Smoker: 1.0 - 7.0Non-Smoker: 0.0 - 5.0","ng/ml","","Standard","Decimal","0 - 21","0 - 7"
"","471","CA 15-3 (Blood)","Less Than: 30","U/ml","","Standard","Decimal","0 - 90","0 - 30"
"","472","Serum Creatinine","0.72 - 1.25","mg/dl","","Standard","Decimal","0 - 40","0.72 - 1.25"
"","473","Plasma Glucose (Random)","60 - 140","mg/dL","","Standard","Decimal","0 - 999","60 - 140"
"","474","Serum BUN","8 - 22","mg/dl","","Standard","Decimal","0 - 66","8 - 22"
"","475","Serum Sodium","136 - 145","mmol/L","","Standard","Decimal","0 - 435","136 - 145"
"","476","Serum Potassium","3.5 - 5.1","mmol/L","","Standard","Decimal","0 - 15.3","3.5 - 5.1"
"","477","Serum Chloride","98 - 107","mmol/L","","Standard","Decimal","0 - 999","98 - 107"
"","478","Serum Bicarbonate","21 - 32","mmol/L","","Standard","Decimal","0 - 96","21 - 32"
"","479","CMV IgG (Cytomegalovirus)","Negative: < 0.90Grayzone: 0.90 to 1.10Positive: > 1.10","IU/ml","","Standard","Decimal","0 - 3.3","0 - 1.1"
"","480","CMV IgM (Cytomegalovirus)","Negative: < 0.90Grayzone: 0.90 to 1.10Positive: > 1.10","IU/ml","","Standard","Decimal","0 - 3.3","0 - 1.1"
"","481","Blood Sugar Random","80 - 160","mg/dl","","Standard","Decimal","0 - 999","80 - 160"
"","482","Blood Glucose Fasting","60 - 110","mg/dl","","Standard","Decimal","0 - 999","60 - 110"
"","483","Copper (24 hrs Urine)","10 - 100","ug/24hrs","","Standard","Decimal","0 - 300","10 - 100"
"","484","Cortisole (Spot Urine)","42 - 218","ug/l","","Standard","Decimal","0 - 654","42 - 218"
"","485","Cortisol","30.0 - 350.0","ug/24h","","Standard","Decimal","0 - 1050","30 - 350"
"","486","COVID-19 Antibody IgG & IgM","","","","Descriptive","Text","0 - 500","0 - 99999"
"","487","COVID-19 IgG Antibody Test","Negative : < 4Equivocal : 4 to 6Positive : > 6","","","Standard","Decimal","0 - 18","0 - 6"
"","488","COVID-19 IgM Antibody Test","","","","Descriptive","Text","0 - 500","0 - 99999"
"","489","Dengue Virus (IgG)","Negative: < 9.0Borderline: 9.0 to 11.0Positive: > 11.0","","","Standard","Decimal","0 - 33","0 - 11"
"","490","Dengue Virus (IgM)","Negative: < 0.9Borderline: 0.9 to 1.1Positive: > 1.1","","","Standard","Decimal","0 - 3.3","0 - 1.1"
"","491","DHEA-SO4","","","","Descriptive","Text","0 - 500","0 - 99999"
"","492","Digoxin","0.8 - 2.0","ng/ml","","Standard","Decimal","0 - 6","0.8 - 2"
"","493","Dihydrotestosterone (DHT)","-","ng/dl","","Standard","Decimal","0 - 500","0 - 99999"
"","494","Site","","","","Descriptive","Text","0 - 500","0 - 99999"
"","495","Gross","","","","Sub Heading","Text","0 - 500","0 - 99999"
"","496","Cytology","","","","Descriptive","Text","0 - 250","0 - 99999"
"","497","Estradiol","Adult Male: 10 - 40Adult FemalePremenopausal: 9 - 35OPostmenopausal: < 10Through menstrual cycleFollicular Phase: 9 - 175Luteal Phase: 44 - 196Periovulatory: 107 - 281","pg/mL","","Standard","Decimal","0 - 1050","9 - 350"
"","498","Estrogen","Adult Male: 10 - 40Adult FemalePremenopausal: 9 - 35OPostmenopausal: < 10Through menstrual cycleFollicular Phase: 9 - 175Luteal Phase: 44 - 196Periovulatory: 107 - 281","pg/mL","","Standard","Decimal","0 - 1050","9 - 350"
"","499","F.D.P's (D-DIMER)","Less Than 200","ng/ml","","Standard","Decimal","0 - 600","0 - 200"
"","500","Factor IX","60.0 - 140.0","%","","Standard","Decimal","0 - 300","60 - 140"
"","501","Factor VIII (Anti-hemophilic Globulin)","Normal: 50.0 - 150.0 Mild hemophilic: 5.1 - 50.0Moderate hemophilic: 1.1 - 5.0Severe hemophilic: 0.0 - 1.0","%","","Standard","Decimal","0 - 300","50 - 150"
"","502","Fibrinogen Level","200 to 400","mg/dL","","Standard","Decimal","0 - 1500","0 - 500"
"","503","Glucose 6 Phosphate Dehydrogenase (G6PD)","","","","Descriptive","Text","0 - 500","0 - 99999"
"","504","HAV (IgG)","Negative","","","Standard","List","0 - 500","0 - 99999"
"","505","*","","","","Standard","Text","0 - 500","0 - 99999"
"","506","HbA1c","5.7 - 6.4","%","","Standard","Decimal","0 - 100","5.7 - 6.4"
"","507","Helicobacter Pylori Abs (IgA)","Negative: < 0.9Equivocal: 0.9 to 1.1Positive: > 1.1","U/ml","","Standard","Decimal","0 - 3.3","0 - 1.1"
"","508","Helicobacter Pylori Abs (IgG)","Negative: < 0.9Intermediate: 0.9 to 1.2Positive: > 1.2","U/ml","","Standard","Decimal","0 - 3.6","0 - 1.2"
"","509","Helicobacter Pylori Abs IgM","(See below)","U/ml","","Standard","Decimal","0 - 500","0 - 99999"
"","510","Gross","","","","Descriptive","Text","0 - 500","0 - 99999"
"","511","Findings","","","","Descriptive","Text","0 - 500","0 - 99999"
"","512","Herpes IgG","Negative: < 0.9Equivocal: 0.9 to 1.1Positive: > 1.1","IU/ml","","Standard","Decimal","0 - 999","0 - 1.1"
"","513","Herpes IgM","Negative: < 0.9Equivocal: 0.9 to 1.1Positive: > 1.1","IU/ml","","Standard","Decimal","0 - 999","0 - 1.1"
"","514","HLA-B27","","","","Descriptive","Text","0 - 500","0 - 99999"
"","515","Homocystine (Blood)","5.9 - 16.0","µmol/l","","Standard","Decimal","0 - 48","5.9 - 16"
"","516","Homocystine (Urine)","5 - 15","µmol/l","","Standard","Decimal","0 - 45","5 - 15"
"","517","IgA","90 - 400","mg/dl","","Standard","Decimal","0 - 1200","90 - 400"
"","518","IgG Level","800 - 1800","mg/dl","","Standard","Decimal","0 - 5400","800 - 1800"
"","519","IgM","60 - 280","mg/dl","","Standard","Decimal","0 - 840","60 - 280"
"","520","Insulin (Random)","Child upto 12 years: < 10Adult (Normal): 0.7 - 9.0Diabetic (Type 2): 0.7 - 25","uIU/ml","","Standard","Decimal","0 - 27","0 - 9"
"","521","Insulin Growth Factor-1 (IGF-1)","(See below)","ng/ml","","Standard","Decimal","0 - 500","0 - 99999"
"","522","Ionized Calcium","1.15 - 1.35","mmol/l","","Standard","Decimal","0 - 4.05","1.15 - 1.35"
"","523","Ketone (Blood)","Negative: < 1.0Positive+: 1.1 - 5.0Positive++: 5.1 - 15.0Positive+++: > 15.0","mmol/l","","Standard","Decimal","0 - 3","0 - 1"
"","524","Lactate Level","4.6 - 23.0","mg/dl","","Standard","Decimal","0 - 69","4.6 - 23"
"","525","Anti Nucleosome (Lupus Antibodies) Anti Coagulant","Negative < 10.0Positive > 10.0","-","","Standard","Decimal","0 - 30","0 - 10"
"","526","METHADONE (MTD)(URINE)","","","","Descriptive","Text","0 - 500","0 - 99999"
"","527","Micro Albumin","Less Than 30","mg/24 Hours","","Standard","Decimal","0 - 90","0 - 30"
"","528","Morphine Derivatives (TLC) Urine","-","-","","Standard","Text","0 - 500","0 - 99999"
"","529","MTB By PCR (Any Specimen)","","","","Descriptive","Text","0 - 500","0 - 99999"
"","530","MycoDot (IgG)","Negative: < 0.9Borderline: 0.9 to 1.1Positive: > 1.1","-","","Standard","Decimal","0 - 3.3","0 - 1.1"
"","531","MycoDot (IgM)","Negative: < 0.8Borderline: 0.8 to 1.2Positive: > 1.2","-","","Standard","Decimal","0 - 3.6","0 - 1.2"
"","532","Osmolaliyt (Blood)","275.00 - 297.00","mosmol/kg","","Standard","Decimal","0 - 891","275 - 297"
"","533","PSA (Prostate Specific Antigen) Total","< 40 years: 0.01 - 1.5140 - 49 years: 0.00 - 2.2750 - 59 years: 0.02 - 2.89> 60 years: 0.29 - 4.96","ng/ml","","Standard","Decimal","0 - 14.88","0 - 4.96"
"","534","ProBNP (N-t) II","<250 pg/mL","pg/ml","","Standard","Text","0 - 500","0 - 450"
"","535","Procalcitonin (PCT)","Less Than 0.5","ng/mL","","Standard","Decimal","0 - 1.5","0 - 0.5"
"","536","Progesterone Level","Male: 0.50 - 5.20FemaleFollicular Phase: 0.50 - 6.50Luteal Phase: 8.00 - 87.00Pregnant Female1st trimester 01-12W: 10.0-182.02nd trimester 13-24W: 60.0-332.03rd trimester 25-40W: 185.0-960.0","nmol/l","","Standard","Decimal","0 - 19.5","0.5 - 6.5"
"","537","QuantiFeron-TB Gold Test","(See below)","IU/ml","","Standard","Decimal","0 - 500","0 - 99999"
"","538","Rubella IgG","Negative: < 0.9Borderline: 0.9 to 1.1Positive: > 1.1","IU/mL","","Standard","Decimal","0 - 3.3","0 - 1.1"
"","539","Rubella IgM","Negative: < 0.8Equivocal: 0.8 to 0.9Positive: > 1.0","IU/ml","","Standard","Decimal","0 - 3","0 - 1"
"","540","Serum Ferritin","Adult Male: 20 - 300Pre-menopause Female: 10 - 100Post-menopause Female: 20 - 200Infants: 150 - 500","ng/ml","","Standard","Decimal","0 - 900","20 - 300"
"","541","Serum Insulin Level (Fasting)","Child upto 12 years: < 10Adult (Normal): 0.7 - 9.0Diabetic (Type 2): 0.7 - 25","uIU/ml","","Standard","Decimal","0 - 30","0.7 - 10"
"","542","Serum Lithium","Therapeutic Level: 0.6 - 1.2Toxic Level: > 2.0","mmol/l","","Standard","Decimal","0 - 3.6","0 - 1.2"
"","543","Total Protein","6.0 - 8.5","g/dL","","Standard","Decimal","0 - 25.5","6 - 8.5"
"","544","Albumin","3.5 - 4.7","g/dl","","Standard","Decimal","0 - 99","3.5 - 4.7"
"","545","Alpha-1, Absolute","0.2 - 0.3","g/dL","","Standard","Decimal","0 - 0.9","0.2 - 0.3"
"","546","Alpha-2, Absolute","0.4 - 0.9","g/dL","","Standard","Decimal","0 - 2.7","0.4 - 0.9"
"","547","Beta","0.5 - 1.0","g/dL","","Standard","Decimal","0 - 3","0.5 - 1"
"","548","Gamma","0.7 - 1.5","g/dL","","Standard","Decimal","0 - 4.5","0.7 - 1.5"
"","549","A/G Ratio","1.1 - 2.4","","","Standard","Decimal","0 - 999","1.1 - 2.4"
"","550","T.SOT TB","(See below)","","","Standard","Decimal","0 - 500","0 - 99999"
"","551","Toxoplasma IgG","Negative: < 0.9Borderline: 0.9 to 1.1Positive: > 1.1","IU/ml","","Standard","Decimal","0 - 3.3","0 - 1.1"
"","552","Toxoplasma IgM","Negative: < 0.9Equivocal: 0.9 to 1.1Positive: > 1.1","IU/ml","","Standard","Decimal","0 - 3.3","0 - 1.1"
"","553","TPHA (Syphilis)","Non-Reactive: < 0.9Borderline: 0.9 to 1.1Reactive: > 1.1","","","Standard","Decimal","0 - 3.3","0 - 1.1"
"","554","TPHA (CSF)","Non-Reactive: < 0.9Borderline: 0.9 to 1.1Reactive: > 1.1","","","Standard","Decimal","0 - 3.3","0 - 1.1"
"","555","Troponin-I","Less than 0.10 Normal0.10 ~ 0.40 Minor Myocardial InjuryMore than 0.40 Acute Myocardial Injury","ng/ml","","Standard","Decimal","0 - 99","0 - 0.1"
"","556","Troponin-T","(See below)","pg/ml","","Standard","Decimal","0 - 500","0 - 99999"
"","557","Uric Acid Creatinine Ratio","Less Than 0.6","RATIO","","Standard","Decimal","0 - 1.8","0 - 0.6"
"","558","Micro Albumin (Urine)","Less Than 30","mg/L","","Standard","Decimal","0 - 90","0 - 30"
"","559","V.D.R.L ( Syphilis ) ICT","","","","Standard","Text","0 - 500","0 - 99999"
"","560","Valproic Acid (Depakene, Epilim)","50.0 - 100.0","µg/ml","","Standard","Decimal","0 - 300","50 - 100"
"","561","Vancomycin (Serum)","Trough: 5 - 10Peak: 30 - 40","ug/ml","","Standard","Decimal","0 - 120","5 - 40"
"","562","Varicella Zoster","Negative< 9.0Gray Zone 9.0 - 11.0			Positive> 11.0","U/ml","","Standard","Decimal","0 - 33","0 - 11"
"","563","VMA (24 Hrs Urine)","2.0 - 8.0","mg/24 Hrs","","Standard","Decimal","0 - 24","2 - 8"
"","564","Zinc Level (24 Hrs)","300 - 800","mg/dl","","Standard","Decimal","0 - 2400","300 - 800"
"","565","24 Hours Urinary Creatinine","0.5 - 1.5","G/24 HRS","","Standard","Decimal","0 - 4.5","0.5 - 1.5"
"","566","24 Hours Urinary Protein","Less Than: 150","mg/24 Hours","","Standard","Decimal","0 - 9999","0 - 150"
"","567","24 Hours Urinary Uric Acid","250 - 750","mg/24 Hours","","Standard","Decimal","0 - 2250","250 - 750"
"","568","A.C.E","35.0 - 114.0","U/L","","Standard","Decimal","0 - 342","35 - 114"
"","569","Total Protein","6.6 - 8.3","g/dl","","Standard","Decimal","0 - 99","6.6 - 8.3"
"","570","Albumin","AdultAge 18-60 years: 3.5 - 5.5Above 60 years: 3.4 - 4.8ChildAge 14-18 years: 3.2 - 4.54days - 14years: 3.8 - 5.4Newborns: 2.8 - 4.4","g/dl","","Standard","Decimal","0 - 99","3.5 - 5.5"
"","571","Globulin","1.8 - 3.4","mg/dl","","Standard","Decimal","0 - 99","1.8 - 3.4"
"","572","A/G Ratio","1.1 - 2.4","","","Standard","Formula","0 - 999","1.1 - 2.4"
"","573","Albumin (24 Hours Urine)","28 - 140","mg/24 Hours","","Standard","Decimal","0 - 420","28 - 140"
"","574","Albumin (Spot Urine)","Less Than 35","mg/dl","","Standard","Decimal","0 - 999","0 - 35"
"","575","Albumin / Creatinine Ratio","Child upto 2 Years: < 0.5Adult & Child > 2 Years: < 0.2","-","","Standard","Decimal","0 - 1.5","0 - 0.5"
"","576","Albumin","3.5 - 5.5","g/dL","","Standard","Decimal","0 - 99","3.5 - 5.5"
"","577","Albumin (Spot Urine)","Less Than 25","mg/dl","","Standard","Decimal","0 - 75","0 - 25"
"","578","Aldolase Serum","1.0 - 7.4","U/L","","Standard","Decimal","0 - 22.2","1 - 7.4"
"","579","Alkaline Phosphatase","Male: 53 - 128, Female: 42 - 98","U/L","","Standard","Decimal","0 - 5000","42 - 128"
"","580","Ammonia","11.20 - 48.20","umol/l","","Standard","Decimal","0 - 144.6","11.2 - 48.2"
"","581","Amylase","Less Than 100","U/L","","Standard","Decimal","0 - 3000","0 - 100"
"","582","Bence jones protein test","","","","Descriptive","Text","0 - 500","0 - 99999"
"","583","Serum Bicarbonate","22 - 29","mmol/L","","Standard","Decimal","0 - 87","22 - 29"
"","584","Bilirubin Conjugated","0 - 0.2","mg/dl","","Standard","Decimal","0 - 99999","0 - 0.2"
"","585","Bilirubin Total","(See below)","mg/dl","","Standard","Decimal","0 - 250","0 - 99999"
"","586","Bilirubin Unconjugated","0.1 - 1.0","mg/dl","","Standard","Formula","0 - 3","0.1 - 1"
"","587","Blood Group","","","","Standard","Text","0 - 250","0 - 99999"
"","588","RH Factor","","","","Standard","List","0 - 250","0 - 99999"
"","589","Urea","15 - 43","mg/dl","","Standard","Decimal","0 - 129","15 - 43"
"","590","Blood Urea Nitrogen (BUN)","8 - 22","mg/dl","","Standard","Decimal","0 - 66","8 - 22"
"","591","C3 (Complement Level 3)","50 - 120","mg/dl","","Standard","Decimal","0 - 360","50 - 120"
"","592","C4 (Complement Level 4)","10-40","mg/dl","","Standard","Decimal","0 - 150","10 - 40"
"","593","C.P.K","Male: 24 - 204Female: 24 - 173","U/L","","Standard","Decimal","0 - 612","24 - 204"
"","594","24 Hours Urinary Calcium","2.50 - 7.50","mmol/24 Hrs","","Standard","Decimal","0 - 22.5","2.5 - 7.5"
"","595","Calcium (Spot Urine)","100 - 300","mg/dl","","Standard","Decimal","0 - 900","100 - 300"
"","596","Calcium","8.6 - 10.3","mg/dl","","Standard","Decimal","0 - 30.9","8.6 - 10.3"
"","597","CKMB","Less Than 25","u/l","","Standard","Decimal","0 - 75","0 - 25"
"","598","L.D.H.","Adult: 240-480Child (7-12)Female: < 580Male: < 764Premature: < 1103","U/L","","Standard","Decimal","0 - 99999","240 - 480"
"","599","SGOT (AST)","Male: < 37Female: < 31","U/l","","Standard","Decimal","0 - 99999","0 - 37"
"","600","Ceruloplasmin (Serum)","30.00 - 65.00","mg/dl","","Standard","Decimal","0 - 195","30 - 65"
"","601","Chloride (Urine)","110 - 250","m.mol/l","","Standard","Decimal","0 - 750","110 - 250"
"","602","Cholinesterase","7.0 - 25.0","um/ml","","Standard","Decimal","0 - 75","7 - 25"
"","603","Copper (Serum)","70.0 - 140.0","µg/dl","","Standard","Decimal","0 - 420","70 - 140"
"","604","Fluid for Bicarbonate","21 - 32","m.mol/l","","Standard","Decimal","0 - 96","21 - 32"
"","605","Gamma GT","Male: 11-50, Female: 07-32","U/L","","Standard","Decimal","0 - 9999","7 - 50"
"","606","Glomerular Filteration Rate (GFR)","(See below)","mL/Min/1.73m^2","","Standard","Decimal","0 - 500","0 - 99999"
"","607","Blood Glucose Fasting","Less Than 92","mg/dl","","Standard","Decimal","0 - 999","0 - 92"
"","608","After 75 Grams Glucose","","","","Sub Heading","Text","0 - 500","0 - 99999"
"","609","Blood Glucose 1 hr.","Less Than 180","mg/dl","","Standard","Decimal","0 - 540","0 - 180"
"","610","Blood Glucose 2 hrs.","Less Than 153","mg/dl","","Standard","Decimal","0 - 459","0 - 153"
"","611","HDL Cholesterol","Greater Than 40","mg/dl","","Standard","Decimal","0 - 400","40 - 200"
"","612","LDH (Fluid)","125 - 243","U/L","","Standard","Decimal","0 - 729","125 - 243"
"","613","LDL Cholesterol","Desirable: < 99Above Desirable: 100-129Borderline: 130 - 159High: 160 - 189Very High: > 190","mg/dl","","Standard","Decimal","0 - 480","0 - 160"
"","614","Bilirubin Total","Adult: 0.2 - 1.2Cord: < 2Newborns, premature:0-1 Days: 1.0 - 8.01-2 Days: 6.0 - 12.03-5 Days: 10.0 - 14.0Newborns, full term:0-1 Days: 2.0 - 6.01-2 Days: 6.0 - 10.03-5 Days: 4.0 - 8.0","mg/dl","","Standard","Decimal","0 - 99999","0.2 - 1.2"
"","615","SGPT (ALT)","Male: < 45Female: < 34","U/L","","Standard","Decimal","0 - 99999","0 - 45"
"","616","SGOT (AST)","Male: < 37, Female: < 31","U/L","","Standard","Decimal","0 - 99999","0 - 37"
"","617","Alkaline Phosphatase","Male 20-50 Years: 53 - 128Male >60 Years: 56 - 119Female 20-50 Years: 42 - 98Female >60 Years: 53 - 141Child 1-12 Years: < 460","U/L","","Standard","Decimal","0 - 5000","42 - 141"
"","618","Total Protein","Adult: 6.6 - 8.7ChildPre-matures: 3.4 - 5.0Newborns: 4.6 - 6.8Upto 1 Years: 6.0 - 8.0Above 1 Years: 4.8 - 7.6","g/dL","","Standard","Decimal","0 - 26.1","6.6 - 8.7"
"","619","Globulins","1.8 - 3.4","g/dl","","Standard","Formula","0 - 999999","1.8 - 3.4"
"","620","Serum Cholesterol","Desirable: < 200Boderline High: 200 - 239High: > 240","mg/dl","","Standard","Decimal","0 - 720","0 - 240"
"","621","Triglycerides","Normal:< 150Borderline: 150 - 199High: 200 - 499Very High: > 500","mg/dl","","Standard","Decimal","0 - 2500","0 - 200"
"","622","HDL Cholesterol","No Risk: > 60Moderate Risk: 40 - 60High Risk: < 40","mg/dl","","Standard","Decimal","0 - 400","40 - 200"
"","623","Cholesterol / HDL Cholesterol Ratio","Desirable: 3.5 to 5.0High: > 5.0","mg/dl","","Standard","Formula","0 - 500","0 - 5"
"","624","V.L.D.L","Normal: < 30Borderline High: 30 to 40High: 40 to 100Very High: > 100","mg/dl","","Standard","Decimal","0 - 120","0 - 40"
"","625","Metanephrine (24 Hours Urine)","20.0 - 345.0","ug/24hrs","","Standard","Decimal","0 - 1035","20 - 345"
"","626","Phenylalanine (Blood)","0.80 - 2.80","mg/dl","","Standard","Decimal","0 - 8.4","0.8 - 2.8"
"","627","Phosphate (Serum)","Adult: 2.5 - 5.0Child: 4.0 - 7.0","mg/dl","","Standard","Decimal","0 - 21","2.5 - 7"
"","628","24 Hours Urinary Phosphatase","400 - 1300","mg/24 h","","Standard","Decimal","0 - 3900","400 - 1300"
"","629","Protein (Albumin) Spot Urine","Less Than 25","mg/dl","","Standard","Decimal","0 - 75","0 - 25"
"","630","Protein / Creatinine Ratio (Spot Urine)","(See below)","","","Standard","Decimal","0 - 500","0 - 99999"
"","631","Protein C","72.0 - 160.0","%","","Standard","Decimal","0 - 300","72 - 160"
"","632","Protein S","60.0 - 150.0","%","","Standard","Decimal","0 - 300","60 - 150"
"","633","Urea","13 - 43","mg/dl","","Standard","Decimal","0 - 999","13 - 43"
"","634","Creatinine","Male: 0.7 - 1.2Female: 0.6 - 1.1Child1 Day: 0.6 - 1.23 Months: 0.2 - 0.41 Year: 0.3 - 0.72-12 Years: 0.35 - 1.0","mg/dl","","Standard","Decimal","0 - 40","0.6 - 1.2"
"","635","S.G.O.T (A.S.T)","Male:< 37Female: < 31","U/L","","Standard","Decimal","0 - 99999","0 - 37"
"","636","Serum Chloride","99 - 107","mmol/L","","Standard","Decimal","0 - 999","99 - 107"
"","637","Serum Sodium","135.0 - 148.0","mmol/L","","Standard","Decimal","0 - 444","135 - 148"
"","638","Serum Potassium","3.50 - 5.30","mmol/L","","Standard","Decimal","0 - 15.9","3.5 - 5.3"
"","639","Chloride","99.0 - 107.0","mmol/l","","Standard","Decimal","0 - 321","99 - 107"
"","640","Serum Bicarbonate","24 - 33","meq/L","","Standard","Decimal","0 - 99","24 - 33"
"","641","Serum Iron","Male: 59 - 148Female: 37 - 145","µg/dL","","Standard","Decimal","0 - 444","37 - 148"
"","642","Serum Lipase","10 - 60","U/l","","Standard","Decimal","0 - 1500","10 - 60"
"","643","Serum Magnesium","1.7 - 2.5","mg/dl","","Standard","Decimal","0 - 7.5","1.7 - 2.5"
"","644","Uric Acid","Female: 2.6 - 6.0Male: 3.5 - 7.2","mg/dl","","Standard","Decimal","0 - 99","2.6 - 7.2"
"","645","T.I.B.C.","274 - 385","µg/dL","","Standard","Decimal","0 - 1155","274 - 385"
"","646","Iron","Male: 59 - 148, Female: 37 - 145","µg/dL","","Standard","Decimal","0 - 444","37 - 148"
"","647","Transferrin Saturation","Male: 12 - 36, Female:10 - 39","%","","Standard","Decimal","0 - 100","10 - 39"
"","648","Urea Nitrogen (Spot Urine)","0.08 - 0.22","g/L","","Standard","Decimal","0 - 0.66","0.08 - 0.22"
"","649","Potassium (Urine)","25.0 - 125.0","m.mol/l","","Standard","Decimal","0 - 375","25 - 125"
"","650","Sodium Na+ (Urine)","40.0 - 220.0","m.mol/l","","Standard","Decimal","0 - 660","40 - 220"
"","651","Zinc","70.0 - 114.0","ug/dl","","Standard","Decimal","0 - 342","70 - 114"
"","652","Mycobacterium Tuberculosis (MTB) DNA AND Rifampicin (RIF)Resistance Genes","","","","Sub Heading","Text","0 - 500","0 - 99999"
"","653","HBV By PCR","","","","Descriptive","Text","0 - 500","0 - 99999"
"","654","IU/ml","-","IU/ml","","Standard","Text","0 - 500","0 - 99999"
"","655","HCV BY PCR","","","","Descriptive","Text","0 - 500","0 - 99999"
"","656","HCV Genotype","","","","Descriptive","Text","0 - 250","0 - 99999"
"","657","HDV By PCR (Qualitative) Real Time","","","","Descriptive","Text","0 - 500","0 - 99999"
"","658","Duration of Absitence","","","","Descriptive","Text","0 - 250","0 - 99999"
"","659","Liquification","","","","Descriptive","Text","0 - 250","0 - 99999"
"","660","Interval between ejaculation of analysis","","","","Descriptive","Text","0 - 250","0 - 99999"
"","661","Volume","","","","Descriptive","Text","0 - 250","0 - 99999"
"","662","Appearance","","","","Descriptive","Text","0 - 250","0 - 99999"
"","663","PH","","-","","Descriptive","List","0 - 250","0 - 99999"
"","664","Motility","","","","Sub Heading","Text","0 - 250","0 - 99999"
"","665","Rapid Progression","","","","Descriptive","Text","0 - 500","0 - 99999"
"","666","Non-Progressive Motility","","","","Descriptive","Text","0 - 500","0 - 99999"
"","667","Slow Progression:","","","","Descriptive","Text","0 - 500","0 - 99999"
"","668","Immotile","","","","Descriptive","Text","0 - 250","0 - 99999"
"","669","Agglutination (%)","","","","Descriptive","Text","0 - 500","0 - 99999"
"","670","Vitality (%live)","","","","Descriptive","Text","0 - 500","0 - 99999"
"","671","Concentration:","","","","Descriptive","Text","0 - 500","0 - 99999"
"","672","Morphology","","","","Sub Heading","AutoComplete","0 - 500","0 - 99999"
"","673","Normal","","","","Descriptive","Text","0 - 500","0 - 99999"
"","674","Abnormal","","","","Descriptive","Text","0 - 500","0 - 99999"
"","675","Head Defects","","","","Descriptive","Text","0 - 500","0 - 99999"
"","676","Tail Defects","","","","Descriptive","Text","0 - 500","0 - 99999"
"","677","Neck & Midpiece Defects","","","","Descriptive","Text","0 - 500","0 - 99999"
"","678","Cytoplasmic Droplets","","","","Descriptive","Text","0 - 500","0 - 99999"
"","679","Headless ""Pinhead""","","","","Descriptive","Text","0 - 500","0 - 99999"
"","680","Miscellaneous","","","NIL","Descriptive","Text","0 - 500","0 - 99999"
"","681","No Of Stone","","","","Descriptive","Text","0 - 500","0 - 99999"
"","682","Size","","","","Descriptive","Text","0 - 500","0 - 99999"
"","683","Colour","","","","Descriptive","Text","0 - 500","0 - 99999"
"","684","Shape","","","","Descriptive","Text","0 - 500","0 - 99999"
"","685","Surface","","","","Descriptive","Text","0 - 500","0 - 99999"
"","686","Cholesterol","","","Nil","Descriptive","Text","0 - 500","0 - 99999"
"","687","Bilirubin","","","Nil","Descriptive","Text","0 - 500","0 - 99999"
"","688","Beliveredin","","","Nil","Descriptive","Text","0 - 500","0 - 99999"
"","689","Calcium","","","Nil","Descriptive","Text","0 - 500","0 - 99999"
"","690","Phosphorus","","","Nil","Descriptive","Text","0 - 500","0 - 99999"
"","691","Iron","","","Nil","Descriptive","Text","0 - 500","0 - 99999"
"","692","Ammonium","","","","Descriptive","Text","0 - 500","0 - 99999"
"","693","Cystine","","","","Descriptive","Text","0 - 500","0 - 99999"
"","694","Oxalate","","","","Descriptive","Text","0 - 500","0 - 99999"
"","695","Magnesium","","","","Descriptive","Text","0 - 500","0 - 99999"
"","696","Uric Acid","","","NIL","Descriptive","Text","0 - 500","0 - 99999"
"","697","B-LACTAM","","","","Sub Heading","Text","0 - 500","0 - 99999"
"","698","PENICILLINS","","","","Sub Heading","Text","0 - 500","0 - 99999"
"","699","Penicillin","","","","Descriptive","Text","0 - 500","0 - 99999"
"","700","Timentin","","","","Descriptive","Text","0 - 500","0 - 99999"
"","701","AMINOPENCILLINS","","","","Sub Heading","Text","0 - 500","0 - 99999"
"","702","Ampicillin","","","","Descriptive","Text","0 - 500","0 - 99999"
"","703","PENICILLINASE  RESISTANCE","","","","Sub Heading","Text","0 - 500","0 - 99999"
"","704","Oxacillin","","","","Descriptive","Text","0 - 500","0 - 99999"
"","705","Methicillin (Coag.Neg)","","","","Descriptive","Text","0 - 500","0 - 99999"
"","706","B-LACTAMASE INHIBITOR","","","","Sub Heading","Text","0 - 500","0 - 99999"
"","707","Augmentin","","","","Descriptive","Text","0 - 500","0 - 99999"
"","708","Piperacillin","","","","Descriptive","Text","0 - 500","0 - 99999"
"","709","Tazobactam","","","","Descriptive","Text","0 - 500","0 - 99999"
"","710","CARBAPENEMS","","","","Sub Heading","Text","0 - 500","0 - 99999"
"","711","Imepenem","","","","Descriptive","Text","0 - 500","0 - 99999"
"","712","Meropenem","","","","Descriptive","Text","0 - 500","0 - 99999"
"","713","MONOBACTAMS","","","","Sub Heading","Text","0 - 500","0 - 99999"
"","714","Aztreonam","","","","Descriptive","Text","0 - 500","0 - 99999"
"","715","CEPHALOSPORINS","","","","Sub Heading","Text","0 - 1","0 - 99999"
"","716","1st","","","","Sub Heading","Text","0 - 500","0 - 99999"
"","717","Cefazolin","","","","Descriptive","Text","0 - 500","0 - 99999"
"","718","Cephalexin","","","","Descriptive","Text","0 - 500","0 - 99999"
"","719","2nd","","","","Sub Heading","Text","0 - 500","0 - 99999"
"","720","Cefaclor","","","","Descriptive","Text","0 - 500","0 - 99999"
"","721","Cefoxitin","","","","Descriptive","Text","0 - 500","0 - 99999"
"","722","Cefuroxime","","","","Descriptive","Text","0 - 500","0 - 99999"
"","723","3rd","","","","Sub Heading","Text","0 - 500","0 - 99999"
"","724","Cefotaxime","","","","Descriptive","Text","0 - 500","0 - 99999"
"","725","Ceftazidime","","","","Descriptive","Text","0 - 500","0 - 99999"
"","726","Sulzone","","","","Descriptive","Text","0 - 500","0 - 99999"
"","727","Cefixime","","","","Descriptive","Text","0 - 500","0 - 99999"
"","728","Ceftriaxon","","","","Descriptive","Text","0 - 500","0 - 99999"
"","729","4th","","","","Sub Heading","Text","0 - 500","0 - 99999"
"","730","Cefepime","","","","Descriptive","Text","0 - 500","0 - 99999"
"","731","MACROLIDES","","","","Sub Heading","Text","0 - 500","0 - 99999"
"","732","Azithromycin","","","","Descriptive","Text","0 - 500","0 - 99999"
"","733","Clarithromycin","","","","Descriptive","Text","0 - 500","0 - 99999"
"","734","Erythromycin","","","","Descriptive","Text","0 - 500","0 - 99999"
"","735","FLUOROQUINOLONES","","","","Sub Heading","Text","0 - 500","0 - 99999"
"","736","Levofloxacin","","","","Descriptive","Text","0 - 500","0 - 99999"
"","737","Norfloxacin","","","","Descriptive","Text","0 - 500","0 - 99999"
"","738","Ofloxacin","","","","Descriptive","Text","0 - 500","0 - 99999"
"","739","Moxifloxacin","","","","Descriptive","Text","0 - 500","0 - 99999"
"","740","Ciprofloxacin","","","","Descriptive","Text","0 - 500","0 - 99999"
"","741","TETRACYCLINES","","","","Sub Heading","Text","0 - 500","0 - 99999"
"","742","Tetracycline","","","","Descriptive","Text","0 - 500","0 - 99999"
"","743","Minocyclin","","","","Descriptive","Text","0 - 500","0 - 99999"
"","744","Doxycycline","","","","Descriptive","Text","0 - 500","0 - 99999"
"","745","LINCOSAMIDE","","","","Sub Heading","Text","0 - 1","0 - 99999"
"","746","Clindamycin","","","","Descriptive","Text","0 - 500","0 - 99999"
"","747","AMINOGLYCOSIDES","","","","Sub Heading","Text","0 - 1","0 - 99999"
"","748","Tobramycin","","","","Descriptive","Text","0 - 500","0 - 99999"
"","749","Gentamycin","","","","Descriptive","Text","0 - 500","0 - 99999"
"","750","Amikacin","","","","Descriptive","Text","0 - 500","0 - 99999"
"","751","OTHERS","","","","Sub Heading","Text","0 - 250","0 - 99999"
"","752","Colistin","","","","Descriptive","Text","0 - 500","0 - 99999"
"","753","Chloramphenicol","","","","Descriptive","Text","0 - 500","0 - 99999"
"","754","Fusidic Acid","","","","Descriptive","Text","0 - 500","0 - 99999"
"","755","Trimethoprim","","","","Descriptive","Text","0 - 500","0 - 99999"
"","756","Vancomycin","","","","Descriptive","Text","0 - 500","0 - 99999"
"","757","Rifampin","","","","Descriptive","Text","0 - 500","0 - 99999"
"","758","Fosfomycin","","","","Descriptive","Text","0 - 500","0 - 99999"
"","759","Linezolid","","","","Descriptive","Text","0 - 500","0 - 99999"
"","760","Nitrofurantoin","","","","Descriptive","Text","0 - 500","0 - 99999"
"","761","Tecioplanin","","","","Descriptive","Text","0 - 500","0 - 99999"
"","762","ALKALINE PHOSPHATASE","UP TO 305  U/L (37 C) IN AUDULTSUP TO 732 IN CHILDREN(VARIABLE IN BONE GROWING AGE)","U/L","","Standard","Text","0 - 500","0 - 99999"
"","763","HbA1c","4.2-6.2 %DIABETIC:-GOOD CONTROL 5.5-6.8%FAIR CONTROL 6.8-7.6%POOR CONTROL ABOVE 7.6%","%","","Standard","Text","0 - 500","0 - 99999"
"","764","SERUM FERRITIN","""Male:   38 - 457 Female:   (Premenopausal): 7.4 - 73 ng/ml  (Menopausal):       14 - 165 ng/mlChildren:  Up to 6 months:  1.0 - 434 ng/ml  0.5 - 15 years:     2.0 - 135 ng/ml  15 - 18 years:       16  -   90 ng/ml""","ng/ml","","Standard","Text","0 - 500","0 - 99999"
"","765","HBsAg Screening","","","","Standard","Text","0 - 500","0 - 99999"
"","766","Typhidot igM","See Below","-","","Standard","Text","0 - 500","0 - 99999"
"","767","Typhidot igG","See Below","-","","Standard","Text","0 - 500","0 - 99999"
"","768","BILIRUBIN TOTAL","0.1 - 1.0","mg/dl","","Standard","Text","0 - 250","0 - 99999"
"","769","SGPT (ALT)","7 - 40","U/L","","Standard","Text","0 - 500","0 - 99999"
"","770","ALKALINE PHOSPHATASE","64 - 307","iu","","Standard","Text","0 - 500","0 - 99999"
"","771","LDL CHOLESTEROL","Desirable: < 99Above Desirable: 100-129Borderline: 130 - 159High: 160 - 189Very High: > 190","mg/dl","","Standard","Text","0 - 500","0 - 99999"
"","772","HDL CHOLESTEROL","35 - 65","mg/dl","","Standard","Text","0 - 500","0 - 99999"
"","773","UREA","13 - 50","mg/dl","","Standard","Text","0 - 500","0 - 99999"
"","774","CHOLESTEROL / HDL CHOLESTEROL RATIO","Desirable: 3.5 to 5.0High: > 5.0","mg/dl","","Standard","Formula","0 - 500","0 - 99999"
"","775","TOTAL LIPIDS","400 - 1000","mg/dl","","Standard","Text","0 - 500","0 - 99999"
"","776","T3","0.58 - 1.62","nmol/L","","Standard","Decimal","0 - 500","0.58 - 1.62"
"","777","TSH","0.35 - 4.94","mIU/L","","Standard","Decimal","0 - 500","0.35 - 4.94"
"","778","PROLACTIN","Male: 2.1 - 17.7Female:Non-Pregnant: 2.8 - 29.2Pregnant: 9.7 - 208.5Post-Menopause: 1.8 - 20.3","ng/ml","","Standard","Text","0 - 500","0 - 99999"
"","779","Rapid Progression:","32-75","%","","Standard","Text","0 - 500","0 - 99999"
"","780","Concentration:","15-259 millions per ml","ml","","Standard","Text","0 - 500","0 - 99999"
"","781","Normal:","4-48","%","","Standard","Text","0 - 500","0 - 99999"
"","782","URINE FOR PREGNANCY TEST","-","","","Descriptive","Text","0 - 500","0 - 99999"
"","783","ANTI HIV - 1&2 (ICT)","-","","","Descriptive","Text","0 - 500","0 - 99999"
"","784","HEPATITIS B SURFACE ANTIGEN","-","","","Descriptive","List","0 - 500","0 - 99999"
"","785","PATIENT'S INDEX VALUE","-","","","Descriptive","Text","0 - 500","0 - 99999"
"","786","Anti Thyroglobulin Antibodies (ATG)","Less than 95.0 IU/ml","IU/ml","","Standard","Text","0 - 500","0 - 99999"
"","787","D-DIMER","0.0 - 1.35","ng/ml","","Standard","Text","0 - 500","0 - 99999"
"","788","BILIRUBIN TOTAL","0.1 -1.0","mg/dl","","Standard","Text","0 - 250","0 - 99999"
"","789","ALKALINE PHOSPHATASE","64 - 307","U/L","","Standard","Text","0 - 500","0 - 99999"
"","790","S.G.O.T (A.S.T)","8 - 40","U/L","","Standard","Text","0 - 500","0 - 99999"
"","791","Ketone (Urine)","-","-","NIL","Descriptive","Text","0 - 250","0 - 99999"
"","792","ANTI CCP ANTIBODY (CPA ELISA)","lower than 18  NEGATIVE18 - 22 borderlinehigher than 22 POSTITIVE","U/mL","","Standard","Text","0 - 500","0 - 99999"
"","793","ANTI TISSUE TRANSGLUTAMINASE IgG","lower than 18  NEGATIVE18 - 22 borderlinehigher than 22 POSTITIVE","U/mL","","Standard","Text","0 - 500","0 - 99999"
"","794","PROCEDURE:","-","","","Descriptive","Text","0 - 500","0 - 99999"
"","795","CASE SUMMARY (based on CAP protocol)","-","","","Descriptive","Text","0 - 500","0 - 99999"
"","796","GROSS EXAMINATION","-","","","Descriptive","AutoComplete","0 - 500","0 - 99999"
"","797","Diagnosis:","-","","","Descriptive","Text","0 - 500","0 - 99999"
"","798","ADVISED:","-","","","Descriptive","Text","0 - 500","0 - 99999"
"","799","Adenosine Deaminase (ADA)","Serum < 15CSF   < 9Fluid < 30","U/L","","Standard","Text","0 - 500","0 - 99999"
"","800","Anti Nucleosomes IgG","See Below","U/ml","","Standard","Text","0 - 500","0 - 99999"
"","801","Anti dsDNA IgG","See Below","U/ml","","Standard","Text","0 - 500","0 - 99999"
"","802","Anti Histones","See Below","U/ml","","Standard","Text","0 - 500","0 - 99999"
"","803","Anti PCNA IgG","See Below","U/ml","","Standard","Text","0 - 500","0 - 99999"
"","804","Anti Ribosome Protein IgG","See Below","U/ml","","Standard","Text","0 - 500","0 - 99999"
"","805","Anti Centromere B","See Below","U/ml","","Standard","Text","0 - 500","0 - 99999"
"","806","Anitbodies Related toPolymyositis/Scleroderma Overlap Syndrome","-","","","Sub Heading","Text","0 - 500","0 - 99999"
"","807","Anti PM/Scl IgG","See Below","U/ml","","Standard","Text","0 - 500","0 - 99999"
"","808","Anti-mitochondrial-M2 Ab (AMA-M2)","See Below","U/ml","","Standard","Text","0 - 500","0 - 99999"
"","809","Cut Off Value","*","*","1.00","Descriptive","Text","0 - 250","0 - 99999"
"","810","ANTI SMOOTH MUSCLE ANTIBODIES (SMA) :","0.0 to 20.0","Au/ml","","Standard","Text","0 - 500","0 - 99999"
"","811","ESTRADIOL","Adult Male 10 - 40 pg/mLAdult FemalePremenopausal 9 - 35O pg/mLPostmenopausal < 10 pg/mLFemale through menstrual cycleFollicular Phase 9 - 175 pg/mLLuteal Phase 44 - 196 pg/mLPeriovulatory 107 - 281pg/mL","pg/mL","","Standard","Text","0 - 500","0 - 99999"
"","812","HELICOBACTER PYLORI Abs (IgA)","NEGATIVE < 0.9 EQUIVOCAL 0.9 - 1.1POSITIVE > 1.1","U/ml","","Standard","Text","0 - 500","0 - 99999"
"","813","HELICOBACTER PYLORI Abs (IgG)","NEGATIVE	< 0.9INTERMEDIATE	0.9 - 1.2POSITIVE	> 1.2","U/ml","","Standard","Text","0 - 500","0 - 99999"
"","814","HELICOBACTER PYLORI Abs IgM","See below","U/ml","","Standard","Text","0 - 500","0 - 99999"
"","815","Homocystine (Urine)","5-15","µmol/l","","Standard","Text","0 - 500","0 - 99999"
"","816","ProBNP (N-t) II","<300","pg/ml","","Standard","Text","0 - 500","0 - 99999"
"","817","TRANSFERRIN SATURATION","Male: 12 - 36Female:10 - 39","%","","Standard","Text","0 - 500","0 - 99999"
"","818","SERUM CALCIUM","8.6 - 10.3","mg/dl","","Standard","Text","0 - 500","0 - 99999"
"","819","Bilirubin","Negative","","","Standard","Text","0 - 250","0 - 99999"
"","820","ALKALINE PHOSPHATASE","Adult: 80 - 306Child: 80 - 640","U/L","","Standard","Text","0 - 500","0 - 99999"
"","821","GROSS EXAMINATION","-","","","Sub Heading","Text","0 - 500","0 - 99999"
"","822","Mucus","Nil","","","Standard","Text","0 - 250","0 - 99999"
"","823","Parasite","Nil","","","Standard","Text","0 - 250","0 - 99999"
"","824","Occult Blood","Nil","","","Standard","Text","0 - 250","0 - 99999"
"","825","Pus Cells/WBC","Nil","","","Standard","Text","0 - 250","0 - 99999"
"","826","RBC","Nil","","","Standard","Text","0 - 250","0 - 99999"
"","827","Fats","Nil","","","Standard","Text","0 - 250","0 - 99999"
"","828","igG","Negative","-","","Standard","List","0 - 500","0 - 99999"
"","829","igM","NEGATIVE","-","","Standard","Text","0 - 500","0 - 99999"
"","830","ProBNP (N-t) II","See below","pg/mL","-","Standard","Decimal","0 - 500","30 - 35000"
"","831","CULTURE","-","-","","Descriptive","Text","0 - 500","0 - 99999"
"","832","IgM","SEE BELOW","mg/dl","","Standard","Text","0 - 500","0 - 99999"
"","833","SGPT (ALT)","0 - 41","U/L","","Standard","Text","0 - 500","0 - 99999"
"","834","TOTAL LIPIDS","100 - 400","mg/dl","","Standard","Text","0 - 500","0 - 99999"
"","835","T4","Cord Blood :7.4 - 13 1 - 3 days:12 - 23 1 - 2 weeks:9.9 - 17 1 - 4 months:7.2 - 14 4 - 12 months:7.8 - 16 Childern:5.6 - 15 Adults:4.6 - 11","nmol/L","","Standard","Text","0 - 500","0 - 99999"
"","836","TSH","Euthyroid 0.17 - 4.05Hyperthyroid <0.15Untreated hyperthyroid >5","µIU/mL","","Standard","Text","0 - 500","0 - 99999"
"","837","TESTOSTERONE","Children Male:4 Days - 6 Month: 0.09 - 2.996 Month - 9 Yrs: Upto 0.3610 Yrs - 13 Yrs: Upto 0.2314 Yrs - 16 Yrs: 0.36 - 6.3217 Yrs - 19 Yrs: 1.48 - 7.94Adult Males:20-49 Years: 0.47 - 9.80>=50 years: 1.27 - 10.20Children Female:4 Days - 9 Yrs: 0.01 - 0.6210 Yrs - 13 Yrs: Upto 0.2814 Yrs - 19 Yrs: 0.10 - 0.49Adult Females:20-49 Years: 0.07 - 0.79>= 50 years: 0.09 - 0.37","ng/mL","","Standard","Text","0 - 500","0 - 99999"
"","838","FREE T4 (FT4)","11.50 - 23.80","pmol/L","","Standard","Text","0 - 500","0 - 99999"
"","839","White Blood Cell (WBC/TLC)","4000 - 11000","/ cu mm","","Standard","Decimal","0 - 999999","4000 - 11000"
"","840","Hemoglobin (Hb%)","M: 13.5-17.5,F: 11.5 - 14.0CH 12.0 - 16.0","g/dl","","Standard","Decimal","0 - 999","10 - 18"
"","841","Others","-","","","Descriptive","Text","0 - 500","0 - 99999"
"","842","Platelets Count","150000 - 400000","/cu mm","","Standard","Decimal","0 - 999999","150000 - 400000"
"","843","pH (Urine)","-","","","Standard","Text","0 - 500","0 - 99999"
"","844","SPUTUM FOR FUNGAL HYPHAE/ SPORES","-","-","","Standard","Text","0 - 500","0 - 99999"
"","845","ICT FOR TB","-","-","","Standard","Text","0 - 500","0 - 99999"
"","846","TOTAL PROTEIN","6.1 - 7.9","mg/dl","","Standard","Text","0 - 500","0 - 99999"
"","847","SERUM ALBUMIN","3.8 - 5.1","g/dl","","Standard","Text","0 - 500","0 - 99999"
"","848","SERUM GLOBULIN","1.8 - 3.2","mg/dl","","Standard","Text","0 - 500","0 - 99999"
"","849","SERUM CREATININE","MALE: 0.7 - 1.2FEMALE: 0.6 - 0.9","mg/dl","","Standard","Decimal","0 - 500","0 - 1.5"
"","850","SERUM IRON","60 - 160","µg/dL","","Standard","Text","0 - 500","0 - 99999"
"","851","Blood Glucose Random","60-140","mg/dl","","Standard","Decimal","0 - 500","60 - 140"
"","852","BLOOD UREA","10-50","mg/dl","","Standard","Decimal","0 - 250","0 - 60"
"","853","Reducing Substance","-","","","Standard","Text","0 - 500","0 - 99999"
"","854","Haemoglobin","M: 13.5 - 17.5,  F: 11.5 -14.0","g/dl","","Standard","Decimal","0 - 500","10 - 18"
"","855","Amorphous urates","-","-","","Standard","Text","0 - 250","0 - 99999"
"","856","Note:","*","*","","Descriptive","Text","0 - 250","0 - 99999"
"","857","SERUM CREATININE","MEN: 0.7 - 1.2WOMEN: 0.6 - 0.9","mg/dl","","Standard","Decimal","0 - 500","0 - 1.5"
"","858","URIC ACID","FEMALES: 2.4 - 5.7MALES:   3.4 - 7.0","mg/dl","","Standard","Decimal","0 - 500","0 - 7"
"","859","SERUM POTASSIUM","3.5 - 5.4","mmol/L","","Standard","Text","0 - 250","0 - 99999"
"","860","Serum Chloride","98 - 108","mmol/l","","Standard","Decimal","0 - 999","98 - 108"
"","861","SERUM BICARBONATE","23 - 33","meq/L","","Standard","Text","0 - 250","0 - 99999"
"","862","SERUM CHOLESTEROL","< 200","mg/dl","","Standard","Decimal","0 - 500","0 - 200"
"","863","SERUM TRIGLYCERIDES","< 200","mg/dl","","Standard","Decimal","0 - 500","0 - 200"
"","864","ALKALINE PHOSPHATASE","ADULT < 270CHILD < 645","U/L","","Standard","Text","0 - 500","0 - 99999"
"","865","SERUM AMYLASE","< 125","U/L","","Standard","Decimal","0 - 500","0 - 125"
"","866","SERUM ALBUMIN","3.5 - 5.5","g/dL","","Standard","Decimal","0 - 500","3.4 - 5.6"
"","867","BILIRUBIN TOTAL","0.1 - 1.1","mg/dl","","Standard","Decimal","0 - 250","0 - 1.4"
"","868","SGOT (AST)","8-40","U/L","","Standard","Text","0 - 500","0 - 99999"
"","869","Globulins","1.8 - 3.4","g/dl","","Standard","Formula","0 - 999999","1.8 - 3.4"
"","870","Blood Glucose Random(02 hrs after intake of 75 grams of glucose)","70 - 140","mg/dl","","Standard","Decimal","0 - 500","70 - 170"
"","871","C.P.K","24-195","U/L","","Standard","Decimal","0 - 500","24 - 195"
"","872","L.D.H","230 - 460","U/L","","Standard","Decimal","0 - 99999","230 - 460"
"","873","SERUM MAGNESIUM","1.9 - 2.5","mEq/l","","Standard","Text","0 - 500","0 - 99999"
"","874","HbA1c","4.2 - 7.0","%","","Standard","Text","0 - 500","0 - 99999"
"","875","HDL","28 - 60","mg/dl","","Standard","Decimal","0 - 99999","28 - 60"
"","876","LDL","110 - 170","mg/dl","","Standard","Decimal","0 - 9999","110 - 170"
"","877","ESR","0-20","mm/1st hr","","Standard","Decimal","0 - 250","0 - 20"
"","878","INR","-","Ratio","","Standard","Text","0 - 250","0 - 99999"
"","879","RETICULOCYTE COUNT","Adult:    0.5-2.5Infant:   2 - 5","%","","Standard","Text","0 - 500","0 - 99999"
"","880","APTT","34-42","Sec.","","Standard","Text","0 - 500","0 - 99999"
"","881","URINE FOR KETONES","-","","","Standard","Text","0 - 500","0 - 99999"
"","882","PROTEIN(24 HOURS URINE)","28-140","mg/24 Hours","","Standard","Text","0 - 250","0 - 99999"
"","883","PROTEIN / CREATININE RATIO","Children < 2 Years < 0.5Adults & Children > 2 Years < 0.2","-","","Standard","Text","0 - 500","0 - 99999"
"","884","R.A FACTOR (QUANTITATIVE)","< 12","IU/mL","","Standard","Text","0 - 500","0 - 99999"
"","885","HBsAg Screening","-","-","","Standard","Text","0 - 500","0 - 99999"
"","886","VDRL","-","-","","Standard","Text","0 - 250","0 - 99999"
"","887","Red Blood Cell (RBC)","4.5 - 6.5","*10^12/l","","Standard","Decimal","0 - 999","4.5 - 6.5"
"","888","Anti Helicobacter Pylori Screening","-","","","Standard","Text","0 - 500","0 - 99999"
"","889","HCV Screening","-","-","","Standard","Text","0 - 500","0 - 99999"
"","890","ANTI HIV - 1&2 (ICT)","-","-","","Standard","Text","0 - 500","0 - 99999"
"","891","MONOSPOT TEST","Negative : < 5.0Doubt full : 5.0 - 9.0Positive : > 10.0","mm","","Standard","Text","0 - 500","0 - 99999"
"","892","Dengue NS1 Antigen",".","","","Standard","Text","0 - 500","0 - 99999"
"","893","CUT OFF VALUE","-","","","Descriptive","List","0 - 500","0 - 99999"
"","894","LDH (FLUID)","-","U/L","","Standard","Text","0 - 500","0 - 99999"
"","895","STOOL FOR OCCULT BLOOD","-","","","Standard","List","0 - 500","0 - 99999"
"","896","STOOL FOR REDUCING SUBSTANCE","-","","","Standard","List","0 - 500","0 - 99999"
"","897","Time of collection:","-","","","Descriptive","Text","0 - 250","0 - 99999"
"","898","Actively motile","-","%","","Standard","Text","0 - 500","0 - 99999"
"","899","Sluggish","-","%","","Standard","Text","0 - 500","0 - 99999"
"","900","Total sperm count","> 40 Millions/ml","Millions/ml","","Standard","Text","0 - 500","0 - 99999"
"","901","SGPT (ALT)","MEN: up to 40WOMEN: up to 32","U/L","","Standard","Decimal","0 - 9999","0 - 40"
"","902","Troponin-I Qualitative","","","","Standard","Text","0 - 500","0 - 99999"
"","903","Inorganic Phosphorus (PO4)","2.50 - 5.0","mg/dL","","Standard","Decimal","0 - 500","2.4 - 5.5"
"","904","BILIRUBIN DIRECT","UPTO 0.25","mg/dl","","Standard","Decimal","0 - 500","0 - 1"
"","905","BILIRUBIN INDIRECT","0.1 - 0.75","mg/dl","","Standard","Decimal","0 - 500","0 - 1.5"
"","906","Ict for TB","Negative","","","Standard","Text","0 - 500","0 - 99999"
"","907","eGFR","> 60","ML/MINT","","Standard","Text","0 - 500","0 - 99999"
"","908","R.A FACTOR","-","","","Standard","Text","0 - 500","0 - 99999"
"","909","STOOL FOR H.PYLORI ANTIGEN","-","","","Standard","Text","0 - 500","0 - 99999"
"","910","BILIRUBIN CONJUGATED","0 - 0.3","mg/dl","","Standard","Text","0 - 250","0 - 99999"
"","911","ANA (ANTI NUCLEAR ANTIBODIES)","-","","","Standard","Text","0 - 500","0 - 99999"
"","912","URINE SUGAR","-","","","Standard","Text","0 - 500","0 - 99999"
"","913","STOOL FOR pH","-","","","Standard","Text","0 - 500","0 - 99999"
"","914","TROPONIN-T","0.0 - 0.05","ng/ml","","Standard","Decimal","0 - 500","0 - 0.05"
"","915","URINE FOR PH","-","","","Standard","Text","0 - 500","0 - 99999"
"","916","SERUM FERRITIN","Male:38-457Female:Premenopausal:7.4-73Menopausal:14-165children:0-6 months:1.0-4340.5-15 years:2.0-13515-18 years:5.0-127Girls:15-18 years:5.0-127Ferritin concentration are agedependent. They are also influencedby the lack of iron caused bymenstrual bleeding in women.Therefore we recommend that eachlaboratory establish its ownreference values, based on clinicallycharacterized data.","ng/ml","","Standard","Text","0 - 500","0 - 99999"
"","917","Clotting Time (CT)","5 - 15","minutes","","Standard","Decimal","0 - 99","5 - 15"
"","918","Creatinine (24 hrs urine)","0.6-10","G/24 hrs","","Standard","Text","0 - 500","0 - 99999"
"","919","AMA (ANTI MICROSOMAL ANTIBODIES) BLOOD","Negative < 0.90Grey Zone  0.90 - 1.10Positive > 1.10","AU/ml","","Standard","Text","0 - 500","0 - 99999"
"","920","Hemoglobin (HB)","F: 11 - 14M: 13 - 17CH 12 - 16","g/dl","","Standard","Decimal","0 - 999","11 - 16"
"","921","ICT FOR TB","-","","","Descriptive","Text","0 - 500","0 - 99999"
"","922","TOTAL PROTEIN","6.6 - 8.3","mg/dl","","Standard","Text","0 - 500","0 - 99999"
"","923","SERUM CREATININE","MEN: 0.7 - 1.2WOMEN: 0.6 - 0.9","mg/dl","","Standard","Text","0 - 500","0 - 99999"
"","924","CREATININE (FLUID)","MEN: 0.7 - 1.2WOMEN: 0.6 - 1.0","mg/dl","","Standard","Text","0 - 500","0 - 99999"
"","925","CREATININE","MEN: 0.7 - 1.2WOMEN: 0.6 - 1.1","mg/dl","","Standard","Text","0 - 500","0 - 99999"
"","926","TRIGLYCERIDES","< 200","mg/dl","","Standard","Text","0 - 500","0 - 99999"
"","927","ALKALINE PHOSPHATASE","ADULT < 258CHILD < 727","U/L","","Standard","Text","0 - 500","0 - 99999"
"","928","BILIRUBIN TOTAL","0.1 - 1.2","mg/dl","","Standard","Decimal","0 - 999","0.1 - 1.2"
"","929","ALKALINE PHOSPHATASE","ADULT < 260CHILD < 800","U/L","","Standard","Text","0 - 500","0 - 99999"
"","930","BLOOD SUGAR RANDOM(02 hrs after intake of 75 grams of glucose)","60-140","mg/dl","","Standard","Text","0 - 500","0 - 99999"
"","931","URINE FOR KETONES","-","","NIL","Descriptive","Text","0 - 500","0 - 99999"
"","932","HBsAg Screening","NEGATIVE","","","Descriptive","Text","0 - 500","0 - 99999"
"","933","VDRL","-","-","","Descriptive","Text","0 - 250","0 - 99999"
"","934","HCV Screening","NEGATIVE","","","Descriptive","Text","0 - 500","0 - 99999"
"","935","Hemoglobin (HB)","F: 10.5 - 14.0M: 14.5 - 17.5CH 12.0 - 16.0","g/dl","","Standard","Decimal","0 - 999","0 - 99999"
"","936","Urine Albumin","-","","","Standard","Text","0 - 500","0 - 99999"
"","937","ANA (ANTI NUCLEAR ANTIBODIES)","-","","","Descriptive","Text","0 - 500","0 - 99999"
"","938","URINE SUGAR","-","","","Descriptive","Text","0 - 500","0 - 99999"
"","939","STOOL FOR pH","-","","","Descriptive","Text","0 - 500","0 - 99999"
"","940","URINE FOR PH","-","","","Descriptive","Text","0 - 500","0 - 99999"
"","941","SPUTUM FOR AFB","-","","","Standard","Text","0 - 500","0 - 99999"
"","942","BLOOD FOR PREGNANCY TEST","-","","","Descriptive","Text","0 - 500","0 - 99999"
"","943","ANTI TISSUE TRANSGLUTAMINASE IgA","Negative < 3.5Positive >3.5","U/ml","","Standard","Text","0 - 500","0 - 99999"
"","944","ANTI TISSUE TRANSGLUTAMINASE IgG","Negative < 3.5Positive >3.5","U/mL","","Standard","Text","0 - 500","0 - 99999"
"","945","Intact parathyroid hormone (IPTH)","14.5 - 87.1","pg/mL","","Standard","Text","0 - 500","0 - 99999"
"","946","Intact Parathyroid Hormone (IPTH)","15.00  -  68.30","pg/ml","","Standard","Decimal","0 - 500","15 - 68.3"
"","947","Diagnosis:","-","","","Sub Heading","Text","0 - 500","0 - 99999"
"","948","SERUM IRON","50 - 150","mg/dl","","Standard","Decimal","0 - 200","50 - 150"
"","949","Anti Mullerian Hormone (AMH)","* Female:20-24 Years:1.19-11.8825-29 Years:0.892- 9.7730-34 Years:0.566- 8.0735-39 Years:0.141- 7.5240-44 Years:0.026- 5.4545-50 Years:0.01-2.67","ng/mL","","Standard","Text","0 - 500","0 - 99999"
"","950","ESR","M.0-10 F.0-20","mm/1st hr","","Standard","Decimal","0 - 250","0 - 10"
"","951","White Blood Cell (WBC/TLC)","4 - 11","X10^3/uL","","Standard","Decimal","0 - 999","4 - 11"
"","952","PATIENT'S VALUE","NEGATIVE <1.00POSITIVE >1.20","U/ml","","Standard","Text","0 - 500","0 - 99999"
"","953","ALKALINE PHOSPHATASE","ADULT 60 - 120CHILD < 200","U/L","","Standard","Decimal","0 - 500","60 - 200"
"","954","ALKALINE PHOSPHATASE","ADULT 60 - 120CHILD 60 - 200","U/L","","Standard","Text","0 - 500","0 - 99999"
"","955","L.D.H","140 - 280","U/L","","Standard","Decimal","0 - 99999","0 - 99999"
"","956","HbA1c","INTERPRETATION OF RESULT:Normal:                 (<5.7%)Pre-Diabetes:        (5.7 - 6.4%)Diabetes:               (>6.4%)4.5- 6.4       (Ideal, Excellent Control) 6.5- 7.0       (Desirable Control) 7.1- 8.0      (Suboptimal Control) >8.1          (Very Poor Control","%","","Standard","Decimal","0 - 16.0","0 - 8"
"","957","IgE","* * *Reference IntervalChildren up to 2 months:0- 1.502 months to 1 year:0 - 15.01 to 5 years:0 - 60.05 to 9 years:0 - 90.09 to 15 years:0 - 200.0Adult,Male:0 - 100Female:0 - 100","IU/ml","","Standard","Text","0 - 500","0 - 9999999999"
"","958","SERUM TRIGLYCERIDES","Normal:< 150Borderline: 150 - 199High: 200 - 499Very High: > 500","mg/dl","","Standard","Decimal","0 - 500","150 - 500"
"","959","SERUM CHOLESTEROL","Desirable: < 200Boderline High: 200 - 239High: > 240","mg/dl","","Standard","Decimal","0 - 500","200 - 240"
"","960","HDL","No Risk : > 60Moderate Risk: 40 - 60High Risk : < 40","mg/dl","","Standard","Decimal","0 - 500","40 - 60"
"","961","LDL","Desirable: < 99Above Desirable: 100-129Borderline: 130 - 159High: 160 - 189Very High: > 190","mg/dl","","Standard","Decimal","0 - 500","99 - 190"
"","962","RETICULOCYTE COUNT","0.50 - 2.00","%","","Standard","Text","0 - 500","0 - 99999"
"","963","Coombs Test Direct","","","","Standard","Text","0 - 500","0 - 99999"
"","964","URINE FOR PREGNANCY TEST","","","","Standard","Text","0 - 500","0 - 99999"
"","965","BETA HCG","* Premenopausal women:<1-2.969Postmenopausal women:<1-7.6524-5 weeks of pregnancy:23.93 - 81066-8 weeks of pregnancy:249.1 - 1872599- 12 weeks:33065 - 23561413-24 weeks of pregnancy:6802 - 7455825-40 weeks of pregnancy:3117 - 65019","IU/L","","Standard","Text","0 - 500","0 - 99999"
"","966","R.A FACTOR (QUANTITATIVE)","Normal Value 20.0","mg/L","","Standard","Decimal","0 - 500","0 - 20"
"","967","C-REACTIVE PROTEIN (CRP) Quantitative","0-1","mg/L","","Standard","Decimal","0 - 500","0 - 1"
"","968","ALPHA FETO-PROTEIN","Less Than 8.5","µIU/ml","","Standard","Text","0 - 500","0 - 99999"
"","969","VDRL","","","","Standard","Text","0 - 500","0 - 99999"
"","970","TPHA (Syphilis)","Non Reactive    < 1.0         Reactive        > 1.0","IU/ml","","Standard","Text","0 - 500","0 - 9999999"
"","971","HCV Screening","","","","Standard","Text","0 - 500","0 - 99999"
"","972","ANTI HIV - 1&2 (ICT)","","","","Standard","Text","0 - 500","0 - 99999"
"","973","Monomeric Prolactin","1.8 - 20","ng/mL","","Standard","Decimal","0 - 999","1.8 - 20"
"","974","F.D.P's (D-DIMER)","0.00 - 0.50","ng/ml","","Standard","Text","0 - 500","0 - 99999"
"","975","PATIENT'S VALUE","NEGATIVE <1.00POSITIVE >1.20","U/ml","","Descriptive","Text","0 - 500","0 - 99999"
"","976","Dengue NS1 Antigen","Negative: < 0.9Borderline: 0.9 to 1.1Positive: > 1.1","","","Standard","Decimal","0 - 999","0 - 99999"
"","977","PATIENT'S VALUE","-","","","Descriptive","Text","0 - 500","0 - 99999"
"","978","SPUTUM FOR AFB","-","","","Descriptive","Text","0 - 500","0 - 99999"
"","979","T3","1.20 - 2.80","nmol/l","","Standard","Text","0 - 500","0 - 99999999"
"","980","T4","60.00 - 160.00","nmol/l","","Standard","Text","0 - 500","0 - 99999999"
"","981","TSH","0.17 - 5.50* Reference ValuesPremature:0.7 - 27Cord Blood:2.3 - 13.21 - 4 days:1.0 - 392 - 20 weeks:1.7 - 9.1","mIU/L","","Standard","Text","0 - 500","0 - 9999999999"
"","982","Remarks:","This Test Performed on Access 2(CLIA).","","","Descriptive","Text","0 - 500","0 - 99999"
"","983","TSH","0.17 5.50* Reference ValuesPremature:0.7 - 27Cord Blood:2.3 - 13.21 - 4 days:1.0 - 392 - 20 weeks:1.7 - 9.1","mIU/ml","","Standard","Text","0 - 500","0 - 9999999"
"","984","TESTOSTERONE","* Adult Female :0.10 - 0.90Children.0-2 Years:0.07 - 0.183-7 Years:0.07 - 0.208 - 11 Years:0.20 - 0.4012-14 Years:0.30 - 0.70","ng/ml","","Standard","Text","0 - 500","0 - 99999"
"","985","PROLACTIN","* Follicular phase: 2.72 - 29.4Preovulatory peak: 6.91 - 27.9Luteal phase: 2.64 - 37.2Postmenopausal: 2.77 - 14.4","ng/ml","","Standard","Text","0 - 500","0 - 99999"
"","986","Progesterone Level","Follicular phase: 0.06 - 1.26Luteal Phase: 2.5 - 25.0Ovulation Phase: 0.08 - 1.20Postmenopause: 0.06 - 1.6","ng/ml","","Standard","Text","0 - 500","0 - 99999"
"","987","CORTISOL PM","138.0 - 690.0","nmol/l","","Standard","Text","0 - 500","0 - 99999"
"","988","FREE T3","1.50 - 5.00","pmol/l","","Standard","Text","0 - 500","0 - 99999"
"","989","FREE T4","11.50 - 23.00","pmol/l","","Standard","Text","0 - 500","0 - 99999"
"","990","SERUM FERRITIN","Pre-menopausal Female:10 -- 124Menopausal Female:14 - 165Newborn:22 - 220Children 6 Month - 15 Years:7 -- 140","ng/ml","","Standard","Text","0 - 500","0 - 99999"
"","991","Cysts of protozoa","-","","Not Seen.","Standard","Text","0 - 250","0 - 99999"
"","992","Vegetative forms","-","","NIL","Standard","Text","0 - 500","0 - 99999"
"","993","Remarks","-","","","Standard","Text","0 - 500","0 - 99999"
"","994","STOOL FOR REDUCING SUBSTANCE","-","","","Descriptive","List","0 - 500","0 - 99999"
"","995","Hemoglobin (HB)","M: 13.5-17.5,F: 11.5 - 14.0CH 12.0 - 16.0","g/dl","","Standard","Decimal","0 - 999","11.5 - 17.5"
"","996","Red Blood Cell (RBC)","4.5 - 6.5","*10^12/l","","Standard","Machine","0 - 999999","4.5 - 6.5"
"","997","Platelets Count","150 - 400","*10^9/l","","Standard","Decimal","0 - 99999","150 - 400"
"","998","VITAMIN B12 LEVEL","Newborn: 160 - 1100Adult:Male: 250 - 600Female: 250 - 600Adult > 60y : 110 - 600","pg/ml","","Standard","Text","0 - 500","0 - 99999"
"","999","ESTIMATED GLOMERULAR FILTRATION RATE (EGFR)","90-00 120-00","ml/min","","Standard","Decimal","0 - 500","90 - 120"
"","1000","R.A FACTOR","","","","Standard","Text","0 - 500","0 - 9999999"
"","1001","STOOL FOR H.PYLORI ANTIGEN","NEGATIVE	< 0.9INTERMEDIATE	0.9 - 1.2POSITIVE	> 1.2","","","Standard","Decimal","0 - 500","0 - 1.2"
"","1002","ANA (ANTI NUCLEAR ANTIBODIES)","Positive > 25.0 Negative < 25.0","","","Standard","Text","0 - 500","1 - 99999"
"","1003","TPHA (Syphilis)","Non-Reactive: < 15.0Reactive: > 15.0","IU/ml","","Standard","Decimal","0 - 250","0 - 15"
"","1004","SPOT URINE PROTEIN","< 12","mg/dl","","Standard","Decimal","0 - 500","0 - 13"
"","1005","SPOT URINE CREATININE","30-220","mg/dl","","Standard","Decimal","0 - 500","30 - 220"
"","1006","SPOT URINE PROTEIN/CREATININE RATIO","-","","","Standard","Text","0 - 500","0 - 99999"
"","1007","Leukocytes","Nil","","","Standard","Text","0 - 500","0 - 99999"
"","1008","VITAMIN B12 LEVEL","200 - 1100","pg/ml","","Standard","Text","0 - 500","0 - 99999"
"","1009","Differential Leukocyte Count","","","","Sub Heading","Text","0 - 500","0 - 99999"
"","1010","Absolute Differential Count","","","","Sub Heading","Text","0 - 500","0 - 99999"
"","1011","PH","-","-","","Descriptive","Text","0 - 250","0 - 99999"
"","1012","Dengue NS1 Antigen","-","","","Descriptive","Text","0 - 500","0 - 99999"
"","1013","Time of collection","","","","Descriptive","Text","0 - 250","0 - 99999"
"","1014","Sluggish","","%","","Standard","Text","0 - 500","0 - 99999"
"","1015","Immotile","","%","","Standard","Text","0 - 250","0 - 99999"
"","1016","Malarial Parasite (MP)","-","-","","Standard","Text","0 - 250","0 - 99999"
"","1017","Mean Cell Volume (MCV)","76.0 - 96.0","fl","","Standard","Decimal","0 - 250","70 - 100"
"","1018","Direct Bilirubin","0.3-0.8","mg/dl","","Standard","Decimal","0 - 500","0.1 - 0.8"
"","1019","Indirect Bilirubin","0.1-0.3","mg/dl","","Standard","Decimal","0 - 500","0 - 0.3"
"","1020","Total Bilirubin","0.3-1.1","mg/dl","","Standard","Decimal","0 - 500","0.3 - 1.1"
"","1021","Alkalaine Phosphatase","Adult: 80-306Child (0-10 year) : 80-640","u/l","","Standard","Decimal","0 - 5000","80 - 306"
"","1022","PH","","","","Descriptive","List","0 - 250","0 - 0"
"","1023","Pus Cells","","","NIL","Descriptive","Text","0 - 250","0 - 99999"
"","1024","Red Blood Cells","","","NIL","Descriptive","Text","0 - 500","0 - 99999"
"","1025","Epithelial Cells","","","NIL","Descriptive","Text","0 - 500","0 - 99999"
"","1026","Bacteria","","","NIL","Descriptive","Text","0 - 250","0 - 99999"
"","1027","PROTHROMBIN TIME (PT)","12-16","Sec","","Standard","List","0 - 120","12 - 16"
"","1028","Control","14 Sec","Sec","14 Sec","Standard","Decimal","14 - 500","14 - 14"
"","1029","APTT","33 - 37","Sec","","Standard","Decimal","0 - 180","33 - 37"
"","1030","Pus Cells","-","","","Standard","Text","0 - 250","0 - 99999"
"","1031","Red Blood Cells","-","","NIL","Standard","Text","0 - 500","0 - 99999"
"","1032","Epithelial Cells","-","","NIL","Standard","Text","0 - 500","0 - 99999"
"","1033","Bacteria","-","","NIL","Standard","Text","0 - 250","0 - 99999"
"","1034","Yeast Cells","-","","NIL","Standard","Text","0 - 250","0 - 99999"
"","1035","PH","Neutral","","","Standard","List","0 - 250","0 - 0"
"","1036","Pus Cells.","1-2/HPF","","","Standard","Text","0 - 500","0 - 99999"
"","1037","Miscellaneous","","","NIL","Standard","Text","0 - 500","0 - 99999"
"","1038","Bilirubin D.","0.1 - 0.8","mg/dl","","Standard","Decimal","0 - 500","0.1 - 0.8"
"","1039","Bilirubin I.","0.1 - 0.6","mg/dl","","Standard","Decimal","0 - 500","0.1 - 0.6"
"","1040","Calcium Phosphate Crystal","Nil","","","Standard","List","0 - 500","0 - 0"
"","1041","Uric Acid Crystal","Nil","","","Standard","List","0 - 500","0 - 0"
"","1042","Control","34 Sec","Sec","34 Sec","Standard","Decimal","34 - 34","34 - 34"
"","1043","TSH","0.30 - 5.00","µIU/mL","","Standard","Decimal","0 - 21","0 - 5.1"
"","1044","Salmonella Typhi ""O""","Significant Titer 1:80","Ratio","","Standard","List","0 - 500","0 - 160"
"","1045","Salmonella Typhi ""H""","Significant Titer 1:80","Ratio","","Standard","List","0 - 500","0 - 160"
"","1046","salmonella Para Typhi ""A""","Significant Titer 1:80","Ratio","1:40","Standard","Text","0 - 500","0 - 99999"
"","1047","salmonella Para Typhi ""B""","Significant Titer 1:80","Ratio","1:40","Standard","Text","0 - 500","0 - 99999"
"","1048","Days of Absence","03-08","Days","","Standard","Integer","0 - 250","2 - 8"
"","1049","Liquification Time","10-30","Minutes","20","Standard","Integer","0 - 250","10 - 30"
"","1050","Volume","1.0-4.0","ml","","Standard","Decimal","0 - 250","1 - 4"
"","1051","Color","Grey White- Grey Yellow","","Grey White","Standard","Text","0 - 250","0 - 99999"
"","1052","Viscosity","Viscous, Semi Viscous","","Semi Viscous","Standard","Text","0 - 500","0 - 99999"
"","1053","Total Sperm Count","20-90","Million","","Standard","Text","0 - 500","0 - 99999"
"","1054","Actively Motile Sperm","Up to 70","%","","Standard","Text","0 - 100","0 - 99999"
"","1055","Sluggish Motile Sperm","Up to 20","%","","Standard","Text","0 - 500","0 - 99999"
"","1056","Non Motile Sperm","Up to 10","%","","Standard","Text","0 - 500","0 - 99999"
"","1057","Pus Cells","1-2","/HPF","","Standard","Text","0 - 250","0 - 99999"
"","1058","Red Blood Cells","Nil","/HPF","Nil","Standard","Text","0 - 500","0 - 99999"
"","1059","Epithelial Cells","Nil","/HPF","Nil","Standard","Text","0 - 500","0 - 99999"
"","1060","Normal Forms","Up to  80","%","","Standard","Text","0 - 500","0 - 99999"
"","1061","Abnormal Forms","Up to 20","%","","Standard","Text","0 - 500","0 - 99999"
"","1062","PH","5.0-7.0","","","Standard","List","0 - 250","5 - 7"
"","1063","Turbidity","","","","Standard","List","0 - 250","0 - 0"
"","1064","Urobilirubin","Normal","","Normal","Standard","Text","0 - 250","0 - 99999"
"","1065","Pus Cells","1-4","","1-2","Standard","Text","0 - 250","0 - 99999"
"","1066","Epithelial Cells","1-2","","1-3","Standard","Text","0 - 500","0 - 99999"
"","1067","Free T3","3.1 - 6.8","pg/ml","","Standard","Decimal","0 - 12.6","3.1 - 6.8"
"","1068","Free T4","0.93 - 1.7","pmol/l","","Standard","Decimal","0 - 66","0.93 - 1.7"
"","1069","Hemoglobin (HB)","12 - 16","g/dl","","Standard","Decimal","0 - 999","12 - 16"
"","1070","Red Blood Cell (RBC)","3.50 - 5.50","*10^12/l","","Standard","Decimal","0 - 999","3.5 - 5.5"
"","1071","HCT (PCV).","35.0 - 52.0","%","","Standard","Decimal","0 - 999","35 - 54"
"","1072","Mean Cell Hb Conc (MCHC).","31.0 - 38.0","%","","Standard","Decimal","0 - 999","31 - 38"
"","1073","Liquification","20-30","MINUTES","30","Standard","Text","0 - 250","0 - 99999"
"","1074","Appearance","-","","CREAMY WHITE","Standard","Text","0 - 250","0 - 99999"
"","1075","V.D.R.L","Negative","","","Standard","List","0 - 500","0 - 0"
"","1076","Pregnancy","","","","Standard","List","1 - 100","0 - 0"
"","1077","TB Plus (Screening) IgG","Negative","","","Standard","List","0 - 500","0 - 0"
"","1078","TB Plus (Screening) IgM","Negative","","","Standard","List","0 - 500","0 - 0"
"","1079","Anti HIV","Negative","","","Descriptive","List","0 - 500","0 - 0"
"","1080","Hemoglobin (HB)","Female: 11.5 - 14.0Male: 13.5 - 16.5","g/dl","","Standard","Machine","0 - 999999","11.5 - 16.5"
"","1081","C-Reactive Protein (CRP)","Negative","","","Standard","List","0 - 100","0 - 0"
"","1082","Creatinine","Male: 0.7 - 1.1Female: 0.6 - 0.9","mg/dl","","Standard","Decimal","0 - 9999","0.6 - 1.1"
"","1083","BETA HCG","Non Pregnant <5.0Pregnancy 3rd Week 5.8-71.2Pregnancy 4th Week 9.5-750Pregnancy 5th Week 217-7138Pregnancy 6th Week 158-31795Pregnancy 7th Week 3697-163563Pregnancy 8th Week 32065-149571Pregnancy 9th Week 63803-151410","mIU/mL","","Standard","Decimal","0 - 99999999","0 - 50000"
"","1084","PSA Quantitative","< 4.0","ng/mL","","Standard","Text","0 - 500","0 - 99999"
"","1085","Malarial Parasite (MP)","NEGATIVE","","","Descriptive","Text","0 - 250","0 - 99999"
"","1086","TSH","0.3 - 4.2","mIU/L","","Standard","Decimal","0 - 500","0.3 - 4.2"
"","1087","TSH","Adult: 0.3 - 4.2","mIU/L","","Standard","Decimal","0 - 99999","0.3 - 4.2"
"","1088","HDL CHOLESTEROL","No Risk :      > 60Moderate Risk: 40 - 60High Risk :    < 40","mg/dl","","Standard","Decimal","0 - 500","40 - 99999"
"","1089","LDL CHOLESTEROL","Desirable: < 99Above Desirable: 100-129Borderline: 130 - 159High: 160 - 189Very High: > 190","mg/dl","","Standard","Decimal","0 - 999","0 - 160"
"","1090","CHOLESTEROL / HDL CHOLESTEROL RATIO","Desirable: 3.5 to 5.0High: > 5.0","mg/dl","","Standard","Formula","0 - 999999","0 - 5"
"","1091","V.L.D.L","Less than 30 mg/dL	Normal30 to 40 mg/dL		Borderline High40 to 100 mg/dL		HighMore than 100 mg/dL	Very High","mg/dl","","Standard","Decimal","0 - 999","0 - 40"
"","1092","LDL CHOLESTEROL/HDL CHOLESTEROL RATIO","Risk                                              MenVery low (1/2 average)                    1Average risk                                   3.6Moderate risk (2x average)             6.3","","","Standard","Formula","0 - 999999","0 - 6.3"
"","1093","NON-HDL CHOLESTEROL","Desirable :     < 130Above Desirable:  130 – 159Broderline High:  160 – 189High:             190 – 219Very High: > or = 220","","","Standard","Formula","0 - 999999","0 - 190"
"","1094","Duration of Absitence:","3-5 or above","Day","","Standard","Text","0 - 250","0 - 99999"
"","1095","Liquification:","20-30","minutes","","Standard","Decimal","0 - 999","20 - 30"
"","1096","Interval between ejaculation of analysis:","20 or above","minutes","","Standard","Decimal","0 - 999","20 - 99999"
"","1097","Gross:","-","","","Sub Heading","Text","0 - 500","0 - 99999"
"","1098","Volume","1.5-7.6","ml","","Standard","Decimal","0 - 99","1.5 - 7.6"
"","1099","Consistency","thick/thin","-","","Standard","Text","0 - 250","0 - 0"
"","1100","Appearance","milky white","-","","Standard","Text","0 - 250","0 - 0"
"","1101","PH","7.2-8.0","-","","Standard","Decimal","0 - 99","7.2 - 8"
"","1102","MOTILITY","-","#","","Sub Heading","Text","0 - 250","0 - 0"
"","1103","Rapid Progression:","-","%","","Standard","Decimal","0 - 100","0 - 999"
"","1104","Non-Progressive Motility:","-","%","","Standard","Text","0 - 500","0 - 999"
"","1105","Slow Progression:","-","%","","Standard","Text","0 - 500","0 - 999"
"","1106","Immotile","-","%","","Standard","Text","0 - 500","0 - 999"
"","1107","Agglutination","-","-","","Standard","Text","0 - 500","0 - 0"
"","1108","Vitality(%live)","58-92","%","","Standard","Decimal","0 - 100","58 - 92"
"","1109","Concentration:","50-160 millions per ml","ml","","Standard","Decimal","0 - 999","50 - 160"
"","1110","MORPHOLOGY","-","","","Sub Heading","AutoComplete","0 - 500","0 - 0"
"","1111","Normal:","-","%","","Standard","Decimal","0 - 999","0 - 999"
"","1112","Abnormal:","-","%","","Standard","Text","0 - 500","0 - 999"
"","1113","Head Defects:","-","%","","Standard","Text","0 - 500","0 - 999"
"","1114","Tail Defects:","-","%","","Standard","Text","0 - 500","0 - 999"
"","1115","Neck & Midpiece Defects:","-","%","","Standard","Text","0 - 500","0 - 999"
"","1116","Cytoplasmic Droplets:","-","%","","Standard","Text","0 - 500","0 - 999"
"","1117","Headless ""Pinhead"":","-","%","","Standard","Text","0 - 500","0 - 999"
"","1118","Pus Cells","1-2/HPF","-","NIL","Standard","Text","0 - 250","0 - 2"
"","1119","Red Blood Cells","NIL","-","NIL","Standard","Text","0 - 500","0 - 0"
"","1120","Total motility(progressive+non progressive)","40-81","%","NIL","Standard","Decimal","0 - 999","40 - 81"
"","1121","Note","-","","","Descriptive","Text","0 - 500","0 - 99999"
"","1122","Globulins","1.8 - 3.4","g/dl","","Standard","Formula","0 - 999999","1.8 - 3.4"
"","1123","A/G Ratio","1.1 - 2.4","","","Standard","Formula","0 - 999","1.1 - 2.4"
"","1124","BILIRUBIN TOTAL","Adult: 0.2 - 1.2Cord: < 2Newborns, premature:0-1 d 1.0 - 8.01-2 d 6.0 - 12.03-5 d 10.0 - 14.0Newborns, full term:0-1 d 2.0 - 6.01-2 d 6.0 - 10.03-5 d 4.0 - 8.0","mg/dl","","Standard","Decimal","0 - 99","0.2 - 1.2"
"","1125","Globulins","1.8 - 3.4","g/dl","","Standard","Formula","0 - 999999","1.8 - 3.4"
"","1126","After 75 Grams Glucose","+","","","Sub Heading","Text","0 - 500","0 - 99999"
"","1127","Blood Glucose 1/2 hr.","90-170","mg/dl","","Standard","Decimal","0 - 9999","90 - 170"
"","1128","Blood Glucose 1/2 hrs.","90-160","mg/dl","","Standard","Decimal","0 - 9999","90 - 160"
"","1129","Blood Sugar 1/2-HRS","90-140","mg/dl","","Standard","Decimal","0 - 9999","90 - 140"
"","1130","BLOOD SUGAR 1/2 hrs","60-120","mg/dl","","Standard","Decimal","0 - 9999","60 - 120"
"","1131","ALBUMIN / CREATININE RATIO","Children < 2 Years < 0.5Adults & Children > 2 Years < 0.2","-","","Standard","Decimal","0 - 999","0 - 0.5"
"","1132","FSH","Female Follicular 0 - 20Mid cycle 15 - 30Luteal 0 - 20Post Menopausal 40 - 200Male 0 - 20","mIU/ml","","Standard","Decimal","0 - 999","0 - 20"
"","1133","LH","FemaleFollicular phase: 0.90 - 15.0Ovulatory phase: 15.0 - 90.0Luteal phase: 0.80 - 15.0Postmenopause: 10.0 - 65.0Male: 1.20 - 9.0","mIU/ml","","Standard","Decimal","0 - 999","1.2 - 9"
"","1134","Anti Mullerian Hormone (AMH)","Male : 1.43 - 11.60Female :(Age)20 - 24 1.66 - 9.4925 - 29 1.18 - 9.1630 - 34 0.67 - 7.5535 - 39 0.78 - 5.2440 - 44 0.10 - 2.9645 - 50 0.10 - 2.06PCOS 2.41 - 17.10","ng/mL","","Standard","Decimal","0 - 999","1.43 - 11.6"
"","1135","LH","FemaleFollicular phase: 0.90 - 15.0Ovulatory phase: 15.0 - 90.0Luteal phase: 0.80 - 15.0Postmenopause: 10.0 - 65.0","mIU/ml","","Standard","Decimal","0 - 999","0 - 999"
"","1136","FSH","Male: 1.20 - 9.0Female Follicular 0 - 20Mid cycle 15 - 30Luteal 0 - 20Post Menopausal 40 - 200Male 0 - 20","mIU/ml","","Standard","Decimal","0 - 999","1.2 - 9"
"","1137","Remarks","-","","","Descriptive","Text","0 - 500","0 - 99999"
"","1138","Result","-","","","Descriptive","Text","0 - 500","0 - 99999"
"","1139","Remarks","*","*","","Descriptive","Text","0 - 250","0 - 0"
"","1140","Donor Heamoglobin (HB)","F: 11.5 - 14.0 , M: 13.5 - 17.5","g/dl","","Standard","Decimal","0 - 99","11.5 - 17.5"
"","1141","BETA HCG","-","","","Descriptive","Text","0 - 500","0 - 99999"
"","1142","A.N.A Screen IgG","See Below","-","","Descriptive","Text","0 - 250","0 - 0"
"","1143","Brucella IgG","Positive : >1.10Negative: <0.90Grey zone: 0.90 -1.10","IU/ml","","Standard","Decimal","0 - 99","0 - 1.1"
"","1144","BRUCELLA IgM","NEGATIVE	< 0.9BORDERLINE	0.9 - 1.1POSITIVE	> 1.1","IU/ml","","Standard","Decimal","0 - 99","0 - 1.1"
"","1145","HCV BY PCR","-","","","Descriptive","Text","0 - 500","0 - 99999"
"","1146","Reducing Substance","-","","","Descriptive","Text","0 - 500","0 - 99999"
"","1147","Salmonella Typhi igG ELISA","See Below","-","","Descriptive","Text","0 - 500","0 - 0"
"","1148","Urea (Spot Urine)","900 - 3000","mg/dl","","Standard","Decimal","0 - 99999","900 - 3000"
"","1149","Color","-","","","Descriptive","Text","0 - 250","0 - 99999"
"","1150","Turbidity","-","","NIL","Descriptive","Text","0 - 250","0 - 99999"
"","1151","Deposit","-","","NIL","Standard","Text","0 - 250","0 - 99999"
"","1152","Specific Gravity","-","","","Standard","Text","0 - 250","0 - 99999"
"","1153","Glucose","-","","NIL","Standard","Text","0 - 250","0 - 99999"
"","1154","Ketones","-","","NIL","Descriptive","Text","0 - 500","0 - 99999"
"","1155","Protein","-","-","NIL","Descriptive","Text","0 - 250","0 - 0"
"","1156","Bilirubin","-","","NIL","Standard","Text","0 - 250","0 - 99999"
"","1157","Nitrate","-","-","Negative","Descriptive","Text","0 - 250","0 - 0"
"","1158","Haemoglobin","","","NIL","Descriptive","Text","0 - 500","0 - 99999"
"","1159","Urobilirubin","-","","Normal","Standard","Text","0 - 250","0 - 99999"
"","1160","Blood","-","","NIL","Descriptive","Text","0 - 250","0 - 99999"
"","1161","CASTS","-","","","Sub Heading","List","0 - 500","0 - 0"
"","1162","Granular","-","","NIL","Descriptive","Text","0 - 500","0 - 99999"
"","1163","Dead spermatozoa","-","","NIL","Descriptive","Text","0 - 250","0 - 99999"
"","1164","Crystals","-","","","Sub Heading","Text","0 - 250","0 - 99999"
"","1165","Calcium oxalate","-","","NIL","Standard","Text","0 - 500","0 - 99999"
"","1166","Triple Phosphate","-","","NIL","Descriptive","Text","0 - 500","0 - 99999"
"","1167","Calcium phosphate","-","","NIL","Descriptive","Text","0 - 500","0 - 99999"
"","1168","Uric Acid:","-","","NIL","Descriptive","Text","0 - 500","0 - 99999"
"","1169","Amorphous","-","-","NIL","Descriptive","Text","0 - 250","0 - 0"
"","1170","MICROALBUMINURIA (URINE)","Less Than 30","mg/L","","Standard","Decimal","0 - 999","0 - 30"
"","1171","PATIENT'S VALUE","NEGATIVE <20POSITIVE >20","U/ml","","Standard","Decimal","0 - 99","0 - 20"
"","1172","ANTI HEV IgG:","-","","","Descriptive","Text","0 - 500","0 - 99999"
"","1173","Patient Value:","-","","","Descriptive","Text","0 - 500","0 - 99999"
"","1174","ANTI Hbc IgG","REACTIVE:     > 1.0NON REACTIVE: < 1.0","-","","Standard","Decimal","0 - 99","0 - 1"
"","1175","ANTI HBc IgM","REACTIVE: > 1.10NON REACTIVE: < 1.10","-","","Standard","Decimal","0 - 99","0 - 1.1"
"","1176","ANTI GLIADIN IgM","-","","","Descriptive","Text","0 - 500","0 - 99999"
"","1177","CUTOFF","-","","15.00","Descriptive","Text","0 - 500","0 - 99999"
"","1178","Patient Value","-","","","Descriptive","Text","0 - 500","0 - 99999"
"","1179","ANTI GLIADIN IgG","-","","","Descriptive","Text","0 - 500","0 - 99999"
"","1180","C3 (Complement Level 3)","50 - 104","mg/dl","","Standard","Decimal","0 - 999","50 - 104"
"","1181","C4 (Complement Level 4)","50 - 104","mg/dl","","Standard","Decimal","0 - 999","50 - 104"
"","1182","OTHERS","-","","","Sub Heading","Text","0 - 250","0 - 99999"
"","1183","UREA","15 - 50","mg/dl","","Standard","Decimal","0 - 999","15 - 50"
"","1184","CREATININE","MEN: 0.7 - 1.2WOMEN: 0.6 - 1.1CHILDREN:1 Day: 0.6 - 1.23 months: 0.2 - 0.41 years: 0.3 - 0.72 - 12 years: 0.35 - 1.0","mg/dl","","Standard","Decimal","0 - 99","0.6 - 1.2"
"","1185","URIC ACID","FEMALES: 2.3 - 6.1MALES:   3.5 - 8.2","mg/dl","","Standard","Decimal","0 - 99","2.3 - 8.2"
"","1186","Blood Sugar 1-HRS","60-140","mg/dl","","Standard","Decimal","0 - 9999","60 - 140"
"","1187","BLOOD SUGAR FASTING","60-110","mg/dl","","Standard","Decimal","0 - 9999","60 - 110"
"","1188","HDL CHOLESTEROL","NORMAL: > 35","mg/dl","","Standard","Decimal","0 - 999","35 - 0"
"","1189","TOTAL LIPIDS","450 - 1000","mg/dl","","Standard","Decimal","0 - 9999","450 - 1000"
"","1190","S.G.O.T (A.S.T)","MEN:   10-43WOMEN: 10-36","U/L","","Standard","Decimal","0 - 999999","10 - 43"
"","1191","SGPT (ALT)","MEN:   10-43WOMEN: 10-36","U/L","","Standard","Decimal","0 - 9999","10 - 43"
"","1192","ALKALINE PHOSPHATASE","UP TO 305  U/L (37 C) IN AUDULTSUP TO 732 IN CHILDREN(VARIABLE IN BONE GROWING AGE)","U/L","","Standard","Decimal","0 - 9999","0 - 305"
"","1193","PHOSPHATE (SERUM)","Adult  2.5 - 5.0Child   4.0 - 7.0","mg/dl","","Standard","Decimal","0 - 99","2.5 - 5"
"","1194","GAMMA GT","Male: 11-50Female: 07-32","U/L","","Standard","Decimal","0 - 999","7 - 50"
"","1195","AMYLASE","< 481","U/L","","Standard","Decimal","0 - 3000","0 - 481"
"","1196","No Of Stone:","-","","","Descriptive","Text","0 - 500","0 - 99999"
"","1197","Colour:","-","","","Descriptive","Text","0 - 500","0 - 99999"
"","1198","Surface:","-","","","Descriptive","Text","0 - 500","0 - 99999"
"","1199","Size:","-","","","Descriptive","Text","0 - 500","0 - 99999"
"","1200","Shape:","-","","","Descriptive","Text","0 - 500","0 - 99999"
"","1201","Calcium:","-","","Nil","Descriptive","Text","0 - 500","0 - 99999"
"","1202","Phosphorus:","-","","","Descriptive","Text","0 - 500","0 - 99999"
"","1203","Ammonium:","-","","","Descriptive","Text","0 - 500","0 - 99999"
"","1204","Cystine:","-","","","Descriptive","Text","0 - 500","0 - 99999"
"","1205","Oxalate:","-","","","Descriptive","Text","0 - 500","0 - 99999"
"","1206","Magnesium:","-","","","Descriptive","Text","0 - 500","0 - 99999"
"","1207","CONCLUSION:","-","","","Descriptive","AutoComplete","0 - 500","0 - 0"
"","1208","Serum Creatinine","MEN: 0.7 - 1.2WOMEN: 0.6 - 1.1","mg/dl","","Standard","Decimal","0 - 99","0.6 - 1.2"
"","1209","SERUM MAGNESIUM","1.3 - 2.1","mEq/l","","Standard","Decimal","0 - 99","1.3 - 2.1"
"","1210","HbA1c","4.2-6.2 %DIABETIC:-GOOD CONTROL 5.5-6.8%FAIR CONTROL 6.8-7.6%POOR CONTROL ABOVE 7.6%","%","","Standard","Decimal","0 - 100","4.2 - 6.2"
"","1211","PSA (Prostate Specific Antigen) Total","< 40 years:    0.01 - 1.5140 - 49 years: 0.00 - 2.2750 - 59 years: 0.02 - 2.89> 60 years:    0.29 - 4.96","ng/ml","","Standard","Decimal","0 - 99","0 - 4.96"
"","1212","TROPONIN-T","See Below","pg/ml","","Standard","Text","0 - 500","0 - 0"
"","1213","SERUM LITHIUM","0.6 to 1.2 Therapuetic Level > 2.0 Toxic Level","mmol/l","","Standard","Decimal","0 - 99","0 - 2"
"","1214","Anti Ds DNA IgG","Negative= < 1.0Borderline= 1.0 - 1.2Positive= > 1.2","IU/ml","","Standard","Decimal","0 - 99","0 - 1.2"
"","1215","ACTH","10 - 70","pg/ml","","Standard","Decimal","0 - 999","10 - 70"
"","1216","SERUM BICARBONATE","22 - 32","mmol/L","","Standard","Decimal","0 - 999","22 - 32"
"","1217","DHESO4","-","","","Descriptive","Text","0 - 500","0 - 99999"
"","1218","SERUM INSULIN LEVEL (FASTING)","Children < 12 yrs  < 10Adult (Normal) 0.7 - 9.0Diabetic (Type 2) 0.7 - 25","uIU/ml","","Standard","Decimal","0 - 99","0.7 - 9"
"","1219","FIBRINOGEN LEVEL","150 - 375","ng/ml","","Standard","Decimal","0 - 999","150 - 375"
"","1220","Valproic Acid (Depakene, Epilim)","50.0 to 100.0","µg/ml","","Standard","Decimal","0 - 999","50 - 100"
"","1221","C- PEPTIDE LEVEL","0.5 - 3.0","ng/ml","","Standard","Decimal","0 - 99","0.5 - 3"
"","1222","FOLIC ACID","3.00-20.00","ng/ml","","Standard","Decimal","0 - 99","3 - 20"
"","1223","CutOff Value","-","","","Descriptive","Text","0 - 500","0 - 99999"
"","1224","PATIENT'S VALUE","NEGATIVE <20POSITIVE >20","U/ml","","Descriptive","Text","0 - 500","0 - 0"
"","1225","HAV  (IgG) :","-","","","Descriptive","Text","0 - 500","0 - 99999"
"","1226","Cut Off Value:","-","","1.00","Descriptive","Text","0 - 500","0 - 99999"
"","1227","MTB By PCR (Any Specimen)","-","","","Descriptive","Text","0 - 500","0 - 99999"
"","1228","SERUM LIPASE","10-60","U/l","","Standard","Decimal","0 - 1500","10 - 60"
"","1229","IgE","LESS THAN 180.0","IU/ml","","Standard","Decimal","0 - 999","0 - 180"
"","1230","VITAMIN B12 LEVEL","Newborn: 160 - 1300Adult:Male: 200 - 835Female: 200 - 835Adult > 60y : 110 - 800","pg/ml","","Standard","Decimal","0 - 9999","200 - 835"
"","1231","LDL CHOLESTEROL","Desirable: < 99Above Desirable: 100-129Borderline: 130 - 159High: 160 - 189Very High: > 190","mg/dl","","Standard","Formula","0 - 999999","0 - 160"
"","1232","CHOLESTEROL / HDL CHOLESTEROL RATIO","Desirable: 3.5 to 5.0High: > 5.0","mg/dl","","Standard","Formula","0 - 999999","0 - 5"
"","1233","Eosinophil Count","0.04-0.40","10^9/l","","Standard","Decimal","0 - 500","0.04 - 0.4"
"","1234","SPECIMEN:","-","","","Descriptive","AutoComplete","0 - 500","0 - 0"
"","1235","CONCLUSION:-","-","","","Descriptive","Text","0 - 500","0 - 99999"
"","1236","Bleeding Time (BT)","3 - 7","minutes","","Standard","Decimal","0 - 99","3 - 7"
"","1237","RETICULOCYTE COUNT","Adult:		0.20 - 2.0New Born:	2.00 - 6.0","%","","Standard","Decimal","0 - 100","0.2 - 2"
"","1238","LE CELLS","-","","","Descriptive","Text","0 - 500","0 - 99999"
"","1239","Malarial Parasite (MP)","","","","Descriptive","Text","0 - 250","0 - 99999"
"","1240","BLOOD GROUP","-","","","Descriptive","Text","0 - 250","0 - 99999"
"","1241","RH FACTOR","-","","","Descriptive","Text","0 - 250","0 - 99999"
"","1242","Coombs Test Direct","-","","","Descriptive","Text","0 - 250","0 - 99999"
"","1243","Coombs Test Indirect","-","","","Descriptive","Text","0 - 250","0 - 99999"
"","1244","Rh antibody titer","-","","","Descriptive","Text","0 - 250","0 - 99999"
"","1245","GLUCOSE 6 PHOSPHATE DEHYDROGENASE (G6PD) TEST","-","","","Descriptive","Text","0 - 500","0 - 99999"
"","1246","RESULT:","-","","","Descriptive","Text","0 - 500","0 - 99999"
"","1247","24 HOURS URINARY CALCIUM","2.50-7.50","mmol/24 Hrs","","Standard","Decimal","0 - 250","2.5 - 7.5"
"","1248","Bile Salt (Urine)","-","","","Descriptive","Text","0 - 500","0 - 99999"
"","1249","Bence jones protein test","-","","","Descriptive","Text","0 - 500","0 - 99999"
"","1250","URINE FOR AMYLASE","1.0-17","U/HRS","","Standard","Decimal","0 - 99","1 - 17"
"","1251","ALBUMIN (24 HOURS URINE)","28-140","mg/24 Hours","","Standard","Decimal","0 - 999","28 - 140"
"","1252","Microalbumin","Less than 30","mg/24 Hours","","Standard","Decimal","0 - 99","0 - 30"
"","1253","17-OH Progesterone","1 to 2 days:65 - 4003 to 6 days:60 - 2501 to 3 weeks:20 - 2201 to 3 months:5- 1501 to 3 years:5 - 903 to  6 years:5 - 906 to 15 years:10 - 160Adult:Male:		10 - 285Female:		10 - 285","ng/dl","","Descriptive","Text","0 - 500","0 - 0"
"","1254","R.A FACTOR (QUANTITATIVE)","0.0 - 30.0","IU/mL","","Standard","Decimal","0 - 999","0 - 30"
"","1255","ASO titer","Adult   < 200Child   < 150","lu/ml","","Standard","Decimal","0 - 999","0 - 200"
"","1256","C-REACTIVE PROTEIN (CRP)","Less than 6.0","mg/L","","Standard","Decimal","0 - 99","0 - 6"
"","1257","ALPHA FETO-PROTEIN","Less than 10.0","µIU/ml","","Standard","Decimal","0 - 100000","0 - 10"
"","1258","HBsAg Screening","-","","","Descriptive","Text","0 - 500","0 - 99999"
"","1259","Blood C/E (Complete, CBC)","-","-","","Sub Heading","Text","0 - 500","0 - 0"
"","1260","RBC Morphology","-","-","","Sub Heading","Text","0 - 500","0 - 0"
"","1261","PLATELETS:","-","","","Descriptive","Text","0 - 500","0 - 99999"
"","1262","HB. Electrophoresis","-","","","Sub Heading","Text","0 - 500","0 - 99999"
"","1263","HB-A","96-99","%","","Standard","Decimal","0 - 100","96 - 99"
"","1264","ANTI HIV 1&2 Ellisa :","-","","","Descriptive","Text","0 - 500","0 - 99999"
"","1265","ANTI HBs :","-","","","Descriptive","Text","0 - 500","0 - 99999"
"","1266","RPR (Syphilis)","Negative   < 0.9Positive   > 0.9","","","Standard","Decimal","0 - 99","0 - 0.9"
"","1267","TPHA (Syphilis)","Non Reactive    < 0.9       Borderline          0.9 - 1.1   Reactive            > 1.1","","","Descriptive","Text","0 - 500","0 - 99999"
"","1268","Anti Helicobacter Pylori Screening","-","","","Descriptive","Text","0 - 500","0 - 99999"
"","1269","Salmonella Typhi igM ELISA","See Below","-","","Descriptive","Text","0 - 500","0 - 0"
"","1270","HCV Screening","-","","","Descriptive","Text","0 - 500","0 - 99999"
"","1271","Alpha1","0.2 - 0.3","g/dL","","Standard","Decimal","0 - 99","0.2 - 0.3"
"","1272","Alpha2","0.4 - 0.9","g/dL","","Standard","Decimal","0 - 99","0.4 - 0.9"
"","1273","Gamma","0.7 - 1.5","g/dL","","Standard","Decimal","0 - 99","0.7 - 1.5"
"","1274","F.D.P's (D-DIMER)","up to 200","ng/ml","","Standard","Decimal","0 - 999","0 - 200"
"","1275","HCV Genotype","-","","","Descriptive","Text","0 - 250","0 - 99999"
"","1276","ANTI HEV IgM","Negative","","","Standard","List","0 - 500","0 - 0"
"","1277","PATIENT'S VALUE","Negative: < 0.9Borderline: 0.9 to 1.2Positive: > 1.2","","","Standard","Decimal","0 - 99","0 - 1.2"
"","1278","Dengue NS1 Antigen",".","","","Descriptive","Text","0 - 500","0 - 99999"
"","1279","HEPATITIS B SURFACE ANTIGEN","NON-REACTIVE","","","Standard","List","0 - 500","0 - 999"
"","1280","PATIENT'S INDEX VALUE","Non Reactive <0.9Border Line 0.9 - 1.0Reactive >1.0","","","Standard","Decimal","0 - 5000","0 - 1"
"","1281","PROLACTIN","M=53 - 360, F=40 - 530","mIU/L","","Standard","Decimal","0 - 999","40 - 530"
"","1282","Progesterone Level","FemalesFollicular phase: 0.50 - 6.50Luteal Phase: 8.00 - 87.00Pregnant women1st trimester 1-12 weeks: 10.0-182.02nd trimester 13-24 weeks: 60.0-332.03rd trimester 25-40 weeks:185.0-960.0Males: 0.50 - 5.20","nmol/l","","Standard","Decimal","0 - 9999","0.5 - 5.2"
"","1283","PTH","8 - 74","pg/mL","","Standard","Decimal","0 - 999","8 - 74"
"","1284","FREE T3","2.0 - 5.2","pg/ml","","Standard","Decimal","0 - 99","2 - 5.2"
"","1285","FREE T4","0.8 - 2.2","ng/dl","","Standard","Decimal","0 - 99","0.8 - 2.2"
"","1286","SERUM FERRITIN","Male:   38 - 457 Female:   (Premenopausal): 7.4 - 73 ng/ml  (Menopausal):       14 - 165 ng/mlChildren:  Up to 6 months:  1.0 - 434 ng/ml  0.5 - 15 years:     2.0 - 135 ng/ml  15 - 18 years:       16  -   90 ng/ml","ng/ml","","Standard","Decimal","0 - 9999","0 - 457"
"","1287","Consistency","-","","","Descriptive","Text","0 - 250","0 - 99999"
"","1288","Odour","-","","Fecal","Descriptive","Text","0 - 500","0 - 99999"
"","1289","Reaction","-","","NIL","Descriptive","Text","0 - 250","0 - 99999"
"","1290","Mucus","-","","NIL","Descriptive","Text","0 - 250","0 - 99999"
"","1291","Parasite","-","","NIL","Descriptive","Text","0 - 250","0 - 99999"
"","1292","Occult Blood","-","","","Descriptive","Text","0 - 250","0 - 99999"
"","1293","Pus Cells/WBC","-","","","Descriptive","Text","0 - 250","0 - 99999"
"","1294","RBC","-","","NIL","Descriptive","Text","0 - 250","0 - 99999"
"","1295","Fats","-","","NIL","Descriptive","Text","0 - 250","0 - 99999"
"","1296","Ova","-","","Not Seen.","Descriptive","Text","0 - 250","0 - 99999"
"","1297","Cysts of protozoa","-","","Not Seen.","Descriptive","Text","0 - 250","0 - 99999"
"","1298","Vegetative forms","-","","NIL","Descriptive","Text","0 - 500","0 - 99999"
"","1299","Macrophages","-","","NIL","Descriptive","Text","0 - 500","0 - 99999"
"","1300","Muscle cells","-","","NIL","Descriptive","Text","0 - 500","0 - 99999"
"","1301","Starch","-","","NIL","Descriptive","Text","0 - 500","0 - 99999"
"","1302","STOOL FOR OCCULT BLOOD","Negative","","","Standard","List","0 - 500","0 - 0"
"","1303","STOOL FOR H. PYLORI ANTIGEN","Negative -- <0.90Borderline --0. 90 - 1.10Positive -- > 1.10","ng/ml","","Standard","List","0 - 500","0 - 0"
"","1304","Duration of Absitence:","-","","","Descriptive","Text","0 - 250","0 - 99999"
"","1305","Liquification:","-","-","","Descriptive","Text","0 - 250","0 - 0"
"","1306","Interval between ejaculation of analysis:","-","#","","Descriptive","Text","0 - 250","0 - 0"
"","1307","Volume","-","ml","","Descriptive","Text","0 - 250","0 - 0"
"","1308","Appearance","-","-","","Descriptive","Text","0 - 250","0 - 0"
"","1309","Rapid Progression:","-","","","Descriptive","Text","0 - 500","0 - 99999"
"","1310","Non-Progressive Motility:","-","","","Descriptive","Text","0 - 500","0 - 99999"
"","1311","Slow Progression:","-","","","Descriptive","Text","0 - 500","0 - 99999"
"","1312","Immotile","-","%","","Descriptive","Text","0 - 250","0 - 0"
"","1313","Agglutination (%)","-","","","Descriptive","Text","0 - 500","0 - 99999"
"","1314","Vitality(%live)","-","","","Descriptive","Text","0 - 500","0 - 99999"
"","1315","Concentration:","-","","","Descriptive","Text","0 - 500","0 - 99999"
"","1316","Normal:","-","","","Descriptive","Text","0 - 500","0 - 99999"
"","1317","Abnormal:","-","","","Descriptive","Text","0 - 500","0 - 99999"
"","1318","Head Defects:","-","","","Descriptive","Text","0 - 500","0 - 99999"
"","1319","Tail Defects:","-","","","Descriptive","Text","0 - 500","0 - 99999"
"","1320","Neck & Midpiece Defects:","-","","","Descriptive","Text","0 - 500","0 - 99999"
"","1321","Cytoplasmic Droplets:","-","","","Descriptive","Text","0 - 500","0 - 99999"
"","1322","Headless ""Pinhead"":","-","","","Descriptive","Text","0 - 500","0 - 99999"
"","1323","Miscellaneos:","-","","NIL","Descriptive","Text","0 - 500","0 - 99999"
"","1324","Anti Sperm Antibodies (Serum)","Negative : <60.0Equivocal : 60.0 to 100.0Positive : >= 100.0","-","","Descriptive","Text","0 - 500","0 - 0"
"","1325","igG","See Below","-","","Descriptive","Text","0 - 500","0 - 0"
"","1326","igM","See Below","-","","Descriptive","Text","0 - 500","0 - 0"
"","1327","Troponin-I Qualitative","Negative","","","Standard","List","0 - 500","0 - 999"
"","1328","Troponin-I","Less Than 0.10","ng/ml","","Standard","Decimal","0 - 99","0 - 0.1"
"","1329","Inorganic Phosphorus (PO4)","2.50 - 4.50","mg/dL","","Standard","Decimal","0 - 99","2.5 - 4.5"
"","1330","Biopsy #","","","","Sub Heading","AutoComplete","0 - 500","0 - 0"
"","1331","History","","","","Sub Heading","Text","0 - 500","0 - 99999"
"","1332","Gross Examination","","","","Sub Heading","Text","0 - 500","0 - 99999"
"","1333","Conclusion","","","","Sub Heading","AutoComplete","0 - 500","0 - 0"
"","1334","Bile Salt (Urine)","","","","Standard","Text","0 - 500","0 - 99999"
"","1335","Coombs Test Indirect","Negative","","","Standard","Text","0 - 250","0 - 99999"
"","1336","Coombs Test Direct","Negative","","","Standard","Text","0 - 250","0 - 99999"
"","1337","Hemoglobin (HB)","Female: 12.0 - 16.0Male: 14.0 - 18.0","g/dl","","Standard","Decimal","0 - 500","0 - 25"
"","1338","HB-A","96.8 - 97.8","%","","Standard","Decimal","0 - 100","0 - 150"
"","1339","HB-A2","1.5 - 3.2","%","","Standard","Decimal","0 - 100","0 - 99"
"","1340","Reticulocyte Count","Adult:   0.5 - 2.5Infant:  0.5 - 3.0Newborn: 2.5 - 6.5","%","","Standard","Decimal","0 - 100","0 - 500"
"","1341","ASO titer","Upto 200","lu/ml","","Standard","Decimal","0 - 600","0 - 1000"
"","1342","Patient's Index Value","Negative <0.9Borderline 0.9 - 1.2Positive >1.2","","","Standard","Decimal","0 - 500","0 - 5000"
"","1343","Rh Antibody Titer","Negative","","","Standard","Text","0 - 250","0 - 99999"
"","1344","25-OH Vitamin - D3","Deficiency: <20Insufficiency: 20-29Sufficiency: 30-100Potential Toxicity: >100","ng/ml","","Standard","Decimal","0 - 300","0 - 500"
"","1345","Anti CCP Antibody (CPA Elisa)","Negative < 10Positive > 10","U/mL","","Standard","Decimal","0 - 999","0 - 10"
"","1346","Beta 2 Glycoprotein-1 IgG","Negative < 10.0Positive > 10.0","U/ml","","Standard","Decimal","0 - 30","0 - 10"
"","1347","Beta 2 Glycoprotein-1 IgM","Negative < 10.0Positive > 10.0","U/ml","","Standard","Text","0 - 30","0 - 100"
"","1348","BETA HCG","Female;Non Pregnant < 10.00Female,1 - 3 weeks 50 - 1500Female,4 - 5 weeks 2500 - 85000Female,6 - 11 weeks 12 000 - 280 000Female,12- 21 weeks 7000 - 195 000Male < 10.00","mIU/ml","","Standard","Text","0 - 500","0 - 100000"
"","1349","Cortisol AM","7 - 23","ug/dl","","Standard","Decimal","0 - 999","0 - 500"
"","1350","Folic Acid","3 - 20","ng/ml","","Standard","Text","0 - 500","0 - 500"
"","1351","PIVKA-II","Healthy Subjects:Upto 43Borderline Cases:44 - 147Hepatocellular Carcinoma:>148","mAU/mL","","Standard","Decimal","0 - 99999","0 - 99999"
"","1352","Stool for Calprotectin","Normal: <50Slightly Elevated: 50 - 120Significantly Elevated: >120","ug/g","","Standard","Decimal","0 - 600","0 - 600"
"","1353","Urine Ketones","Negative","","","Standard","List","0 - 500","0 - 100"
"","1354","FSH","Male: 1.4 - 14.0FemaleFollicular Phase: < 10.0Ovulatory Phase: 5.0 - 16.0Luteal Phase: < 10.0Postmenopause: 25.0 - 150.0","mIU/ml","","Standard","Decimal","0 - 453","0 - 500"
"","1355","Growth Hormone (GH)","0.01 - 3.61","ng/ml","","Standard","Decimal","0 - 500","0 - 3.61"
"","1356","FSH","Male : 1.5 - 11.8FemaleFollicular phase: 3.2 - 15Ovulatory Phase: 7.5 - 20Luteal phase: 1.3 - 11Postmenopause: 36 - 138","mIU/ml","","Standard","Decimal","0 - 999","0 - 999"
"","1357","Prolactin","Female: 3.47 - 35.0Male: 2.35 - 25.8","ng/ml","","Standard","Decimal","0 - 200","0 - 500"
"","1358","T3","0.56 - 1.95","ng/mL","","Standard","Decimal","0 - 5.64","0 - 111"
"","1359","TSH","Adult: 0.40 - 4.50","µIU/mL","","Standard","Text","0 - 110","0 - 111"
"","1360","17-OH Progesterone","Reference ValuesPediatric Boy1 month 0.0 - 8.02 months 3.6 - 13.73 months 1.7 - 4.0Pediatric Girl1 month 2.4 - 16.8 2 months 1.6 - 9.7 3 months 0.1 - 3.1Pre- Peubertal Child 0.1-1.7 Adult FemaleFemale Follicular Phase 0.1 - 0.8Luteal Phase 0.6 - 2.3Ovulatory phase 0.3 - 1.4Late pregnancy 2.0 - 12Menopause 0.13 - 0.51Male Adult Male 0.5 - 2.1","ng/mL","","Standard","Decimal","0 - 50","0 - 50"
"","1361","Adrenocorticotropic Hormone (ACTH)","7.20 - 63.30","pg/ml","","Standard","Decimal","0 - 173.4","0 - 500"
"","1362","Anti Cardiolipin IgG","Negative: <12Equivocal: 12 - 18Positive: >18","U/ml","","Standard","Text","0 - 60","0 - 100"
"","1363","Anti Cardiolipin IgM","Negative: < 10.0Positive: > 10.0","U/ml","","Standard","Text","0 - 60","0 - 100"
"","1364","Anti Gliadin IgA","Negative: <15Positive: >15","U/ml","","Standard","Text","0 - 100","0 - 100"
"","1365","Anti Gliadin IgG","Negative: <15Positive: >15","U/ml","","Standard","Text","0 - 500","0 - 100"
"","1366","Anti HBe","Non-Reactive: <100.0Reactive: >= 100.0","","index/mL","Standard","Text","0 - 500","0 - 99999"
"","1367","Patient's Value","Non-Reactive: <20.0Reactive:     >20.0","U/ml","","Standard","Text","0 - 500","0 - 999"
"","1368","Anti HBs","","","","Standard","Text","0 - 500","0 - 99999"
"","1369","Patient's Value","Non-Reactive: <10Borderline:    10-20Reactive:      >20","mIU/ml","","Standard","Text","0 - 500","0 - 1000"
"","1370","Patient's Value","Negative    < 0.9Borderline 0.9 - 1.1Positive    > 1.1","S/CO","","Standard","Decimal","0 - 60","0 - 50"
"","1371","ANTI HEV IgG","Negative: < 0.9Borderline : 0.9 - 1.1Positive: > 1.1","","","Standard","Text","0 - 500","0 - 99999"
"","1372","ANTI HEV IgM:","Negative: < 0.9Equivocal: 0.9 to 1.1Positive: > 1.1","S/CO","","Standard","Text","0 - 500","0 - 100"
"","1373","Anti Thyroglobulin Antibodies (Anti TG)","Normal 4.11High  =4.11","IU/ml","","Standard","Decimal","0 - 50","0 - 4.1"
"","1374","Anti Thyroid Peroxidase (Anti TPO)","Less Than 30","IU/ml","","Standard","Text","0 - 500","0 - 500"
"","1375","C-Peptide Level","1.10 - 4.40","ng/ml","","Standard","Decimal","0 - 9","0 - 0"
"","1376","Estrogen","Male : < 87Female :Follicular Phase 15 - 112Preovulatory Phase 136 - 251Luteal Phase 48 - 172Post Menopausal 10 - 66Hormonal Contraceptives 15 - 95","pg/mL","","Standard","Decimal","0 - 1050","0 - 1000"
"","1377","F.D.P's (D-DIMER)","Less Than 500","ng/ml","","Standard","Decimal","0 - 5000","0 - 5000"
"","1378","Fibrinogen Level","200-400","mg/dl","","Standard","Decimal","0 - 1500","0 - 1500"
"","1379","HAV IgG","Negative: < 0.8Equivocal: 0.8 to 1.2Positive: > 1.2","S/CO","","Standard","Text","0 - 500","0 - 100"
"","1380","Hepatitis A Virus IgM","Negative: < 0.8Equivocal: 0.8 to 1.2Positive: > 1.2","U/ml","","Standard","Text","0 - 60","0 - 100"
"","1381","HbA1c","Normal          <5.7%Pre-Diabetes  5.7 - 6.4%Diabetes:       >6.4%","%","","Standard","Text","0 - 500","0 - 6.4"
"","1382","Hepatitis B ""e"" Antigen","Negative= < 0.9Borderline= 0.9 - 1.1Positive= > 1.1","S/CO","","Standard","Text","0 - 60","0 - 100"
"","1383","Helicobacter Pylori Abs (IgA)","Negative <0.9Borderline 0.9-1.1Positive >1.1","U/ml","","Standard","Text","0 - 500","0 - 500"
"","1384","Helicobacter Pylori Abs (IgA)","Negative <18Borderline 18 22Positive >22","U/ml","","Standard","Text","0 - 100","0 - 1000"
"","1385","IgA","20 - 300","mg/dl","","Standard","Decimal","0 - 9999","0 - 9999"
"","1386","Insulin Growth Factor-1 (IGF-1)","1 - 5 years 45 - 3056 - 10 years 50 - 41011 - 15 years 80 - 90016 - 20 years 75 - 850> 20 years 60 - 350","ng/ml","","Standard","Decimal","0 - 9999","0 - 9999"
"","1387","Anti Nucleosome (Lupus Antibodies) Anti Coagulant","Negative < 10.0Positive > 10.0","U/ml","","Standard","Text","0 - 30","0 - 100"
"","1388","PSA (Prostate Specific Antigen) Total","< 4.0","ng/ml","","Standard","Decimal","0 - 500","0 - 500"
"","1389","ProBNP (N-t) II","Less Than 250","pg/ml","","Standard","Decimal","0 - 99999","0 - 250"
"","1390","Serum Ferritin","Men : 20 - 350Women : 10 - 200Newborn: 22 - 220Children (6 months - 15 years): 7 - 140","ng/ml","","Standard","Decimal","0 - 900","0 - 1000"
"","1391","Serum Insulin Level (Fasting)","3 - 18","uIU/ml","","Standard","Decimal","0 - 999","0 - 500"
"","1392","Troponin-T","Negative","-","","Standard","Text","0 - 500","0 - 0"
"","1393","Serum Globulin","1.8 - 3.4","mg/dl","","Standard","Formula","0 - 10.2","0 - 100"
"","1394","Urine Protein","< 150","mg/24 Hours","","Standard","Decimal","0 - 5000","0 - 5000"
"","1395","Total Volume","800-2000","ml","","Standard","Decimal","50 - 3000","0 - 3000"
"","1396","Urine Microalbumin (Spot)","","ug/mL","","Standard","Decimal","0 - 9999","0 - 2000"
"","1397","Urine Creatinine (Spot)","","mg/dl","","Standard","Decimal","0 - 498","0 - 999"
"","1398","Albumin / Creatinine Ratio","(See Note)","mg/g","","Standard","Text","0 - 500","0 - 9999"
"","1399","Aldolase Level","1.0 - 7.4","U/L","","Standard","Decimal","0 - 999","0 - 22"
"","1400","Bence jones protein test","Negative","","","Standard","Text","0 - 500","0 - 99999"
"","1401","Serum Bicarbonate","Adults: 21-31Newborn: 17-24Infant: 19-242 months–2 years:16-24","mmol/L","","Standard","Decimal","0 - 87","0 - 500"
"","1402","Blood Urea Nitrogen (BUN)","4 - 23","mg/dl","","Standard","Formula","0 - 999999","4 - 23"
"","1403","C.P.K","Men : 24 - 204Women : 24 - 173","U/L","","Standard","Decimal","0 - 99999","0 - 50000"
"","1404","L.D.H.","< 250","U/L","","Standard","Decimal","0 - 99999","0 - 5000"
"","1405","L.D.H.","Adult: 240-480","U/L","","Standard","Decimal","0 - 99999","0 - 1000"
"","1406","Creatinine (Spot Urine)","20 - 275","mg/dl","","Standard","Decimal","0 - 500","0 - 5000"
"","1407","Serum Globulin","2.2 - 3.5","mg/dl","","Standard","Formula","0 - 999999","2.2 - 3.5"
"","1408","Serum Magnesium","Newbonr 1.2 - 2.6Children 1.5 - 2.3Women 1.9 - 2.5Men 1.8 - 2.6","mg/dl","","Standard","Decimal","0 - 7.5","0 - 100"
"","1409","Iron","Male:   59 - 148Female: 37 - 145","µg/dL","","Standard","Text","0 - 444","0 - 1000"
"","1410","Patient's Index Value","Negative: <0.9Borderline 0.9-1.2Positive: >1.2","S/CO","","Standard","Decimal","0 - 60","0 - 500"
"","1411","Serum Phosphorus","Adults: 2.5 - 4.5Child:  4.0 - 7.0","mg/dl","","Standard","Decimal","1.5 - 20","0 - 10"
"","1412","Methicillin","","","","Descriptive","Text","0 - 500","0 - 99999"
"","1413","Imipenem","","","","Descriptive","Text","0 - 500","0 - 99999"
"","1414","Ceftriaxone","","","","Descriptive","Text","0 - 500","0 - 99999"
"","1415","Minocycline","","","","Descriptive","Text","0 - 500","0 - 99999"
"","1416","Gentamicin","","","","Descriptive","Text","0 - 500","0 - 99999"
"","1417","Polymyxin B","","","","Descriptive","Text","0 - 500","0 - 99999"
"","1418","Cefipime","","","","Descriptive","Text","0 - 500","0 - 99999"
"","1419","Septran","","","","Descriptive","Text","0 - 500","0 - 99999"
"","1420","Hemoglobin (HB)","Female: 11.0 - 14.0Male: 12.0 - 16.5","g/dl","","Standard","Decimal","0 - 500","11 - 16.5"
"","1421","Red Blood Cell (RBC)","3.50 - 5.50","*10^12/l","","Standard","Decimal","0 - 500","3.5 - 5.5"
"","1422","HCT (PCV)","35.0 - 52.0","%","","Standard","Decimal","0 - 100","35 - 52"
"","1423","Mean Cell Hb Conc (MCHC)","31.0 - 38.0","%","","Standard","Decimal","0 - 999","31 - 38"
"","1424","Bilirubin Total","Adult: 0.2 - 1.2Newborns, premature:24 Hours:        < 8.82nd Day:         1.3 - 11.33rd Day:         0.7 - 12.74th-6th Day:     0.1 - 12.6Child:>1 month:  0.2 - 1.0","mg/dl","","Standard","Decimal","0 - 50","0 - 50"
"","1425","PROTHROMBIN TIME (PT)","12 - 16","Seconds","","Standard","Decimal","0 - 999","12 - 16"
"","1426","APTT","34 Sec","Sec","","Standard","Text","0 - 120","0 - 0"
"","1427","Urobilirubin","Normal: 3-25Increased: >25","umol/L","","Standard","List","0 - 250","0 - 0"
"","1428","Ketones","Negative","","","Standard","List","0 - 500","0 - 0"
"","1429","Hemoglobin","Negative","","","Standard","List","0 - 250","0 - 0"
"","1430","Pus Cells","0-5","","","Standard","Text","0 - 250","0 - 99999"
"","1431","Red Blood Cells","0-3","","","Standard","Text","0 - 500","0 - 99999"
"","1432","Epithelial Cells","0-10","","","Standard","Text","0 - 500","0 - 99999"
"","1433","Volume","2 - 6","ml","ml","Standard","Text","0 - 10","0 - 10"
"","1434","Sperm Concentration","> 15 Million","million/ml","million/ml","Standard","Text","0 - 500","0 - 500"
"","1435","Total Motile (PR+NP)","> 40 %","%","%","Standard","Text","0 - 100","0 - 100"
"","1436","Progressive (PR)","> 32 %","%","%","Standard","Text","0 - 500","0 - 100"
"","1437","Non Progressive (NP)","","%","%","Standard","Text","0 - 500","0 - 100"
"","1438","V.D.R.L ( Syphilis ) ICT","Negative","","","Standard","List","0 - 500","0 - 100"
"","1439","Rheumatoid RA Factor","<20","iu/ml","","Standard","Decimal","0 - 5000","0 - 20"
"","1440","TB (Screening) IgM","Negative","","","Standard","List","0 - 500","0 - 100"
"","1441","TB (Screening) IgG","Negative","","","Standard","List","0 - 500","0 - 100"
"","1442","Indirect Bilirubin","0.1 - 0.3","mg/dl","","Standard","Formula","0 - 999999","0.1 - 0.3"
"","1443","Troponin-I","< 0.30","ng/ml","","Standard","Text","0 - 250","0 - 20"
"","1444","Anti Mullerian Hormone (AMH)","Female:< 10 years   0.08-10.610-20 years  0.62 - 10.921-30 years  0.08 - 10.231-40 years  0.15 - 10.641-50 years  0.08 - 6.12> 50 years   0.08 - 0.40Male:1-11 years  39.1 - 33012-20 years  1.15 - 142> 20 years  0.60 - 18.20","ng/mL","","Standard","Text","0 - 500","0 - 500"
"","1445","Neutrophil, Absolute","2500 - 7000","/mm3","","Standard","Decimal","0 - 99999","2500 - 7000"
"","1446","Lymphocyte, Absolute","1500 - 4000","/mm3","","Standard","Decimal","0 - 99999","1500 - 4000"
"","1447","Monocyte, Absolute","200 - 1000","/mm3","","Standard","Decimal","0 - 99999","200 - 1000"
"","1448","Eosinophil, Absolute","50 - 500","/mm3","","Standard","Decimal","0 - 99999","50 - 500"
"","1449","Protein","Negative","","","Standard","List","0 - 250","0 - 0"
"","1450","Glucose","Negative","","","Standard","List","0 - 250","0 - 0"
"","1451","Abnormal","","%","%","Standard","Text","0 - 500","0 - 100"
"","1452","Head Defect","","%","%","Standard","Text","0 - 500","0 - 100"
"","1453","Tail Defects","","%","%","Standard","Text","0 - 500","0 - 100"
"","1454","Fructose","Positive","","","Standard","List","0 - 500","0 - 0"
"","1455","Pus Cells","0-4","","","Standard","Text","0 - 250","0 - 99999"
"","1456","ASO titer","NEGATIVE","","","Standard","List","0 - 250","0 - 0"
"","1457","Urea","05-50","mg/dl","","Standard","Decimal","0 - 400","5 - 50"
"","1458","Creatinine","0.4 - 1.2","mg/dl","","Standard","Decimal","0 - 40","0.4 - 1.2"
"","1459","Creatinine","0.4-1.2","mg/dl","","Standard","Decimal","0 - 40","0.4 - 1.2"
"","1460","Urea","05- 50","mg/dl","","Standard","Decimal","0 - 400","5 - 50"
"","1461","Creatinine","Male: 0.6 - 1.1Female: 0.5 - 0.9","mg/dl","","Standard","Machine","0 - 999999","0.5 - 1.1"
"","1462","Bilirubin Total","Adult: 0.1 - 1.2Newborns, premature:0-1 Days: 1.0 - 8.01-2 Days: 6.0 - 12.03-5 Days: 10.0 - 14.0Newborns, full term:0-1 Days: 2.0 - 6.01-2 Days: 6.0 - 10.03-5 Days: 4.0 - 8.0","mg/dl","","Standard","Machine","0 - 999999","0.1 - 1.2"
"","1463","Alkaline Phosphatase","Adult 40 - 150Child <750","U/L","","Standard","Machine","0 - 999999","40 - 750"
"","1464","SGOT (AST)","Male: < 40, Female: < 35","U/L","","Standard","Machine","0 - 999999","0 - 40"
"","1465","Alkaline Phosphatase (ALP)","Adult 40 - 150Child < 750","U/L","","Standard","Decimal","0 - 99999","40 - 750"
"","1466","Bilirubin Total","Adult 0.1--1.2","mg/dl","","Standard","Machine","0 - 999999","0.1 - 1.2"
"","1467","C.P.K.","Male: 38 - 174Female: 26 - 140","U/L","","Standard","Machine","0 - 999999","26 - 174"
"","1468","L.D.H.","Adult: 109 - 245","U/L","","Standard","Decimal","0 - 99999","109 - 245"
"","1469","ESR","Female: < 20Male: < 16","mm/1st hr","","Standard","Decimal","0 - 200","0 - 0"
"","1470","Serum Sodium","135.0 - 145.0","mmol/L","","Standard","Decimal","0 - 99999","135 - 145"
"","1471","Serum Potassium","3.50 - 5.10","mmol/L","","Standard","Decimal","0 - 999999","3.5 - 5.1"
"","1472","Chloride","98.0 - 107.0","mmol/l","","Standard","Decimal","0 - 99999","98 - 107"
"","1473","T3","1.23 - 3.07","nmol/L","","Standard","Text","0 - 500","1.23 - 3.07"
"","1474","T4","66.00 - 181.0","nmol/L","","Standard","Decimal","0 - 99999","66 - 181"
"","1475","PT","0 - 14","sec.","","Standard","Text","0 - 500","0 - 14"
"","1476","INR","0.8 - 1.2","Ratio","","Standard","Decimal","0 - 999","0.8 - 1.2"
"","1477","Troponin-I Quantitative","0 - 0.3","ng/mL","","Standard","Text","0 - 500","0 - 0.3"
"","1478","Troponin-T Qualitative","Negative","","","Standard","List","0 - 500","0 - 99999"
"","1479","CEA Level","Less Than or Equal to ""5.0""","ng/mL","","Standard","Decimal","0 - 99999","0 - 5"
"","1480","HbA1c","< 6.5 %","%","","Standard","Decimal","0 - 99999","0 - 6.5"
"","1481","AFP (Alpha Feto-Protein)","Less Than 20","ng/mL","","Standard","Decimal","0 - 99999","0 - 20"
"","1482","D DIMER (F.D.P's)","Less Than 0.5","ng/ml","","Standard","Decimal","0 - 999999","0 - 0.5"
"","1483","PH","7.0 - 8.0","","","Standard","List","0 - 250","0 - 15"
"","1484","Hematocrit (HCT)","35.0 - 52.0","%","","Standard","Machine","0 - 999999","35 - 52"
"","1485","White Blood Cell (WBC/TLC)","3.5 - 10.0","*10^9/l","","Standard","Machine","0 - 999999","3.5 - 10"
"","1486","HDL Cholesterol","Normal: 35 - 60High Risk: < 35","mg/dl","","Standard","Decimal","0 - 999","35 - 60"
"","1487","LDL Cholesterol","Normal: < 130Borderline: 130 - 159High: > 160","mg/dl","","Standard","Decimal","0 - 999","0 - 160"
"","1488","Cholesterol / HDL Cholesterol Ratio","Normal: 3.5 to 5.0High: > 5.0","mg/dl","","Standard","Formula","0 - 500","0 - 500"
"","1489","V.L.D.L","Normal: < 30Borderline High: 30 to 40","mg/dl","","Standard","Formula","0 - 999999","0 - 40"
"","1490","Plateletcrit (PCT)","0.01 - 9.99","mL/L","","Standard","Machine","0 - 999999","0.01 - 9.99"
"","1491","Abnormal","-","","","Standard","Text","0 - 500","0 - 99999"
"","1492","Head Defects","-","","","Standard","Text","0 - 500","0 - 99999"
"","1493","Tail Defects","-","","","Standard","Text","0 - 500","0 - 99999"
"","1494","Neck & Midpiece Defects","-","","","Standard","Text","0 - 500","0 - 99999"
"","1495","Cytoplasmic Droplets","-","","","Standard","Text","0 - 500","0 - 99999"
"","1496","Headless ""Pinhead""","-","","","Standard","Text","0 - 500","0 - 99999"
"","1497","CRP (High Sensitivity)","up to 6.0","mg/l","","Standard","Decimal","0 - 200.0","0.5 - 6"
"","1498","APTT","33 - 48","Sec.","","Standard","Text","0 - 120","33 - 48"
"","1499","Urea","10-50","mg/dl","","Standard","Decimal","10 - 500","10 - 50"
"","1500","Creatinine","Male: 0.5 - 1.1Female: 0.7 - 1.3ChildNeonate: 0.5 - 1.2Infant: 0.4 - 0.7Child: 0.5 - 1.2","mg/dl","","Standard","Decimal","0 - 25.8","0.5 - 1.3"
"","1501","Bilirubin Total","Adult: 0.1 - 1.2Neonate:  24h:    <8.8 2nd day: 1.3-11.3 3rd day: 0.7-12.7 4th-6th day: 0.1-12.6Children >1 month: 0.2-1.0","mg/dl","","Standard","Decimal","0 - 30","0 - 1.2"
"","1502","SGPT (ALT)","Male: < 45Female: < 34Children:1-30day(s): <252-12 Months: <351-3 Year,s: <304-6 Year,s: <257-9 Year,s: <2510-18 Year,s <30","U/L","","Standard","Decimal","0 - 4500","0 - 45"
"","1503","SGOT (AST)","Male: < 35, Female: < 31Children:1-3 Year,s:   <504-6 Year,s:   <457-9 Year,s:   <4010-12 Year,s: <4013-15 Year,s: <3516-18 Year,s  <35","U/L","","Standard","Decimal","0 - 4500","0 - 35"
"","1504","Alkaline Phosphatase","Male 20-50 Years: 44 - 137Male >60 Years: 40 - 130Female 20-50 Years: 35 - 105Child 1-12 Years: < 406","U/L","","Standard","Decimal","0 - 5000","0 - 130"
"","1505","Bleeding Time (BT)","3 - 7","minutes","","Standard","Decimal","0 - 99","3 - 7"
"","1506","PT","10.2 - 15","sec.","","Standard","Text","0 - 40","10.2 - 15"
"","1507","INR","0.8 - 1.3","Ratio","","Standard","Decimal","0 - 99","0.8 - 1.3"
"","1508","ESR","Female: Less than 20Male: Less than 20","mm/1st hr","","Standard","Decimal","0 - 120","0 - 20"
"","1509","ASO titer","Nagetive","","","Standard","Text","0 - 500","0 - 99999"
"","1510","Dengue NS1 Antigen","","","","Standard","Text","0 - 500","0 - 99999"
"","1511","IgE","1-190","IU/ml","","Standard","Text","0 - 500","0 - 190"
"","1512","Free T3","2.0 - 4.2","pg/mL","","Standard","Decimal","0 - 75","2 - 4.2"
"","1513","FREE T4","8.9 - 17.2","pmol/l","","Standard","Text","0 - 38","9 - 22.2"
"","1514","TSH","0.3-4.23  Day     :1.1-17.010 Weeks   :0.6-10.014 Months  :0.4-7.05  Years   :0.4-6.014 Years   :0.4-5.0Adult      :0.4-4.0Child: 0.40 - 7.00","mIU/L","","Standard","Decimal","0 - 140","0.3 - 4.2"
"","1515","FSH","Male:1.5-11.8mIU/mlFemale: Follicular phase 3.2-15mIU/mlovulatory phase 7.5-20mIU/mlluteal phase 1.3-11mIU/mlpostmenopause 36-138mIU/ml","mIU/ml","","Standard","Decimal","0 - 453","1.3 - 151"
"","1516","Urine for Pregnancy Test","","","","Descriptive","List","0 - 500","0 - 99999"
"","1517","Total Count",">60","Millions/ml","","Standard","Decimal","0 - 500","60 - 999"
"","1518","Liquification","10 to 30 mins","min","","Standard","Decimal","0 - 250","10 - 30"
"","1519","R.A. Factor (Quantitative)","Less Than 10","IU/mL","","Standard","Decimal","0 - 90","0 - 30"
"","1520","Serum Ferritin","Males: 25-350Female: 13-232","ng/ml","","Standard","Decimal","0 - 900","20 - 300"
"","1521","Testosterone","Males: 2.2-10.5Females: <1.0","ng/mL","","Standard","Decimal","0 - 95.4","0.2 - 31.8"
"","1522","Prolactin","2.6-27","ng/ml","","Standard","Decimal","0 - 105","2 - 35"
"","1523","ANTI CCP ANTIBODY","SEE BELOW","U/mL","","Standard","Text","0 - 500","0 - 99999"
"","1524","Parathyroid hormone (PTH)","10.0 - 65.0","pg/mL","","Standard","Text","0 - 500","0 - 99999"
"","1525","Adenosine Deaminase (ADA)","Serum < 15.0CSF   < 9.0Fluid < 30.0","U/L","","Standard","Text","0 - 500","0 - 99999"
"","1526","HELICOBACTER PYLORI Abs IgM","Negative <40.0Positive > 40.0","U/ml","","Standard","Text","0 - 500","0 - 99999"
"","1527","ProBNP (N-t) II","-","pg/mL","-","Standard","Text","0 - 500","0 - 99999"
"","1528","Cefixime(CFM)","-","-","","Descriptive","Text","0 - 500","0 - 99999"
"","1529","Ceftazidime(CAZ)","-","-","","Descriptive","Text","0 - 500","0 - 99999"
"","1530","Cefuroxime(CXM)","-","","","Descriptive","Text","0 - 500","0 - 99999"
"","1531","Enoxabid(EN 10)","-","-","","Descriptive","Text","0 - 500","0 - 99999"
"","1532","Septran (SXT)","-","","","Descriptive","Text","0 - 500","0 - 99999"
"","1533","Sparaxin (SPX)","-","-","","Descriptive","Text","0 - 500","0 - 99999"
"","1534","Tazocin (TZP )","-","","","Descriptive","Text","0 - 500","0 - 99999"
"","1535","Sulzone(SCF)","-","","","Descriptive","Text","0 - 500","0 - 99999"
"","1536","Urixin(PIP)","-","","","Descriptive","Text","0 - 500","0 - 99999"
"","1537","Anti Mullerian Hormone (AMH)","SEE BELOW","ng/mL","","Standard","Text","0 - 500","0 - 99999"
"","1538","-/-","-","","","Descriptive","Text","0 - 250","0 - 99999"
"","1539","E.S.R","Female: Less than 20Male: Less than 10","mm/1st hr","","Standard","Decimal","0 - 200","0 - 20"
"","1540","DENGUE VIRUS (IgM)","Negative:    < 9.0    Borderline:  9.0 - 11.0 Positive:    > 11.0","","","Standard","Text","0 - 500","0 - 99999"
"","1541","Casts","-","","","Standard","List","0 - 500","0 - 99999"
"","1542","Crystals","-","","","Standard","Text","0 - 250","0 - 99999"
"","1543","CutOff Value","-","-","","Standard","Text","0 - 500","0 - 99999"
"","1544","ANTI HEV IgG:","0.239","","","Descriptive","Text","0 - 500","0 - 99999"
"","1545","AMYLASE","< 220","U/L","","Standard","Text","0 - 500","0 - 99999"
"","1546","HbA1c","4.0 - 6.0","%","","Standard","Text","0 - 500","0 - 99999"
"","1547","DHESO4","SEE BELOW","ug/dL","","Standard","Text","0 - 500","0 - 99999"
"","1548","SERUM INSULIN LEVEL","SEE BELOW","uIU/ml","","Standard","Text","0 - 500","0 - 99999"
"","1549","CutOff Value","2.0","","","Standard","Text","0 - 500","0 - 99999"
"","1550","SERUM LIPASE","<38","U/l","","Standard","Text","0 - 500","0 - 99999"
"","1551","ALBUMIN / CREATININE RATIO","Reference Range for ACR:Normal: <30 mg/gMicroalbuminuria: 30 to 300 mg/gMacroalbuminuria: >300 mg/g","mg/dl","","Standard","Text","0 - 500","0 - 99999"
"","1552","24 HOURS URINARY CREATININE","Male: 1.04 - 2.35Female: 0.74 - 1.57","G/24 HRS","","Standard","Text","0 - 250","0 - 99999"
"","1553","TPHA (Syphilis)","Non Reactive < 1.00Reactive >= 1.00","","","Standard","Text","0 - 500","0 - 99999"
"","1554","CA-125","0.01 -  35.0","U/ml","","Standard","Text","0 - 500","0 - 99999"
"","1555","Cut Off Value:","-","","","Standard","Text","0 - 500","0 - 99999"
"","1556","Cut Off Value","-","-","-","Standard","Text","0 - 500","0 - 99999"
"","1557","Rubella IgG","Non-Reactive: 0.0 - 4.9Equivocal: 5.0 - 9.9Reactive: >= 10.0","IU/mL","","Standard","Text","0 - 500","0 - 10"
"","1558","T4","Cord Blood :7.4 - 131 - 3 days:12 - 231 - 2 weeks:9.9 - 171 - 4 months:7.2 - 144 - 12 months:7.8 - 16Childern:5.6 - 15Adults:4.6 - 11","nmol/L","","Standard","Text","0 - 500","0 - 99999"
"","1559","PROLACTIN","Male 2.3 - 17.5Female 2.9 - 25.8","ng/ml","","Standard","Text","0 - 500","0 - 99999"
"","1560","CORTISOL A.M","6.7 - 22.6","ug/dl","","Standard","Text","0 - 500","0 - 99999"
"","1561","CORTISOL A.M","Collection Time    Reference Interval8:00  - 10:00   : 57.20 - 194.2016:00 - 18:00   : 20.20 - 131.00","ng/mL","","Standard","Text","0 - 500","0 - 99999"
"","1562","FREE T3 (FT3)","2.5- 3.9","pg/mL","","Standard","Text","0 - 500","0 - 99999"
"","1563","FREE T4 (FT4)","3.30 - 7.50","ng/dl","","Standard","Text","0 - 500","0 - 99999"
"","1564","SERUM FERRITIN","Male     :   38-457 Female:   Premenopausal:  7.4-73   Menopausal   :  14-165Children:      0-6 months :  1.0-434    0.5-15 years :  2.0-135     15-18 years :  16-90Girls:   15-18 years :  5.0-127","ng/ml","","Standard","Text","0 - 500","0 - 99999"
"","1565","MORPHOLOGY","-","%","","Standard","AutoComplete","0 - 500","0 - 99999"
"","1566","Microhead:","-","%","","Standard","Text","0 - 500","0 - 99999"
"","1567","Macrohead:","-","%","","Standard","Text","0 - 500","0 - 99999"
"","1568","Without Tail:","-","%","","Standard","Text","0 - 500","0 - 99999"
"","1569","Double Head:","-","%","","Standard","Text","0 - 500","0 - 99999"
"","1570","Cefaclor(CEC)","-","-","","Descriptive","Text","0 - 500","0 - 99999"
"","1571","Nalidixic Acid( NA 30)","-","-","","Descriptive","Text","0 - 500","0 - 99999"
"","1572","Amylase","Less Than 100","U/L","","Standard","Decimal","0 - 5000","0 - 300"
"","1573","Colistin(CST)","-","-","","Descriptive","Text","0 - 500","0 - 99999"
"","1574","imipenem(IMP)","-","-","","Descriptive","Text","0 - 500","0 - 99999"
"","1575","tetracycline(TET)","-","-","","Descriptive","Text","0 - 500","0 - 99999"
"","1576","Gentamycin(GEN)","-","-","","Descriptive","Text","0 - 500","0 - 99999"
"","1577","TROPONIN-T","1.00 ng/ml","-","","Standard","Text","0 - 500","0 - 99999"
"","1578","Free Testosterone Serum","SEE BELOW","Pg/ml","","Standard","Text","0 - 500","0 - 99999"
"","1579","Serum Lipase","Less Than 60","U/l","","Standard","Decimal","0 - 400","10 - 60"
"","1580","HbA1c","less Than 6.5%","%","","Standard","Text","5.7 - 15","0 - 6.5"
"","1581","L.D.H.","Adult: 240","U/L","","Standard","Decimal","0 - 99999","240 - 480"
"","1582","Mixed Cells","2 - 10","%","","Standard","Decimal","0 - 100","2 - 10"
"","1583","CRP (High Sensitivity)","Low: < 1.0 mg/dlAverage: 1.0 to 4.0 mg/dlHigh: > 4.0 mg/dl","mg/l","","Standard","Text","0 - 250","0.5 - 5"
"","1584","Serum Sodium","135-150","mmol/L","","Standard","Decimal","0 - 444","67 - 159"
"","1585","Urinary Potassium","29-181","mmol/L","","Standard","Decimal","0 - 444","29 - 181"
"","1586","Urinary Chloride","86-190","mmol/l","","Standard","Decimal","0 - 321","86 - 190"
"","1587","Bilirubin Conjugated (Direct)","0 - 0.3","mg/dl","","Standard","Machine","0 - 999999","0 - 0.3"
"","1588","Bilirubin Unconjugated( Indirect )","0.1 - 0.9","mg/dl","","Standard","Machine","0 - 999999","0.1 - 0.9"
"","1589","Typhidot screeing","","","","Standard","Text","0 - 500","0 - 99999"
"","1590","Total Protein","6.1-7.9","g/dL","","Standard","Decimal","0 - 26.1","6 - 8.7"
"","1591","Leucocytes","Nil","","Nil","Standard","Text","0 - 500","0 - 99999"
"","1592","Globulins","1.8 - 3.4","g/dl","","Standard","Formula","0 - 999999","1.8 - 3.4"
"","1593","A/G Ratio","1.1 - 2.4","","","Standard","Formula","0 - 999","1.1 - 2.4"
"","1594","Troponin-I","0-0.3","ng/ml","","Standard","Text","0 - 10","0 - 0.1"
"","1595","Protein (Albumin) Spot Urine","Less Than 133","mg/dl","","Standard","Decimal","0 - 800","0 - 133"
"","1596","Sodium","135 - 150","mmol/L","","Standard","Decimal","0 - 444","135 - 150"
"","1597","Potassium","3.5- 5.5","mmol/L","","Standard","Decimal","0 - 15.9","3.5 - 5.5"
"","1598","Chloride","92 - 110","mmol/l","","Standard","Decimal","0 - 321","92 - 110"
"","1599","Bicarbonate","22 - 28","meq/L","","Standard","Decimal","0 - 99","22 - 28"
"","1600","F.D.P's (D-DIMER)","0-0.5","mg/L","","Standard","Decimal","0 - 600","0 - 0.5"
"","1601","ERYTHROCYTES","-","","","Sub Heading","Text","0 - 500","0 - 99999"
"","1602","ABSOLUTE VALUES","","","","Sub Heading","Text","0 - 500","0 - 99999"
"","1603","WHITE BLOOD CELLS","-","","","Sub Heading","Text","0 - 500","0 - 99999"
"","1604","D.L.C","","","","Sub Heading","Text","0 - 500","0 - 99999"
"","1605","THROMBOCYTE","","","","Sub Heading","Text","0 - 500","0 - 99999"
"","1606","Tuberculin Skin Test","(See below)","","","Standard","Text","0 - 500","0 - 99999"
"","1607","FREE T3","2.5 - 3.9","pg/ml","","Standard","Text","0 - 500","0 - 100"
"","1608","FREE T4","0.61 - 1.12","ng/dl","","Standard","Text","0 - 500","0 - 100"
"","1609","PSA (Prostate Specific Antigen) Total","Less Than 4","ng/ml","","Standard","Decimal","0 - 30.88","0 - 4.96"
"","1610","T4","6.09 - 12.23","ug/dL","","Standard","Decimal","0 - 459","6.09 - 12.23"
"","1611","Urine Sugar","NIL","","","Standard","Text","0 - 250","0 - 99999"
"","1612","MycoDot (IgG)","","-","","Standard","Text","0 - 1","0 - 1.1"
"","1613","MycoDot (IgM)","","-","","Standard","Text","0 - 1","0 - 1.2"
"","1614","Clotting Time (CT)","4 - 11","minutes","","Standard","Decimal","0 - 99","4 - 11"
"","1615","Creatinine Clearance","Male: 98 - 156Female: 95 - 160","ml/min","","Standard","Text","0 - 500","98 - 156"
"","1616","BILIRUBIN UNCONJUGATED","0.1 - 0.9","mg/dl","","Standard","Machine","0 - 999999","0 - 0.9"
"","1617","Bilirubin Conjugated.","0 - 0.3","mg/dl","","Standard","Machine","0 - 999999","0 - 0.3"
"","1618","Mantoux Test","Negative:1-4Borderline:5-9Positive:>=10","","","Standard","Text","0 - 500","0 - 99999"
"","1619","Helicobacter Pylori Abs (IgG)","Negative < 5.0Borderline 5 - 10Positive >10.0","IU/ml","","Standard","Text","0 - 500","0 - 100"
"","1620","C-Reactive Protein (CRP)","","mg/L","","Standard","Decimal","0 - 500","0 - 500"
"","1621","Patient's Value","","U/ml","","Standard","Decimal","0 - 60","0 - 20"
"","1622","Dengue NS1 Antigen","Negative: < 0.9Borderline: 0.9 - 1.1Positive: > 1.1","","","Descriptive","Decimal","0 - 500","0 - 1.1"
"","1623","Patient's Value","Non-Reactive: <0.9Borderline: 0.9-1.0Reactive: >1.0","","","Descriptive","Decimal","0 - 500","0 - 1"
"","1624","Dengue Virus (IgM)","Negative: < 0.9Borderline: 0.9 to 1.0Positive: > 1.1","","","Standard","Decimal","0 - 3.3","0 - 1.1"
"","1625","F.D.P's (D-DIMER)","Less Than 0.5","mg/l","","Standard","Decimal","0 - 600","0 - 0.5"
"","1626","Bilirubin Conjugated","<0.25","mg/dl","","Standard","Decimal","0 - 5","0 - 0.4"
"","1627","Blood Urea Nitrogen (BUN)","8 - 22","mg/dl","","Standard","Formula","0 - 999999","8 - 22"
"","1628","Gamma GT","Less than 59","U/L","","Standard","Decimal","0 - 999","0 - 59"
"","1629","Serum Iron","Male: 59 - 160Female: 37 - 145","µg/dL","","Standard","Decimal","0 - 444","37 - 160"
"","1630","White Blood Cell (WBC/TLC)","4 - 11","*10^9/l","","Standard","Machine","0 - 999999","4 - 11"
"","1631","Direct Bilirubin","0.0 - 0.25","mg/dl","","Standard","Decimal","0 - 999","0 - 0.25"
"","1632","Indirect Bilirubin","0.1 - 0.75","mg/dl","","Standard","Formula","0 - 999999","0 - 0.75"
"","1633","SGPT (ALT)","Less than 45","U/L","","Standard","Decimal","0 - 99999","0 - 45"
"","1634","SGOT (AST)","Less than 35","U/l","","Standard","Decimal","0 - 99999","0 - 35"
"","1635","Alkalaine Phosphatase","80 - 306","u/l","","Standard","Decimal","0 - 1500","80 - 306"
"","1636","Alkalaine Phosphatase","Adult: 65 - 240Upto 15 Years: < 64515 - 17 Years: < 483","U/L","","Standard","Decimal","0 - 99999","65 - 645"
"","1637","INR","0.9 - 1.1","","","Standard","Formula","0 - 20","0.9 - 1.1"
"","1638","PH","5.0-8.0","","","Standard","List","0 - 250","5 - 8"
"","1639","Specific Gravity","1.005 - 1.030","","","Standard","Decimal","0 - 999","1 - 1.03"
"","1640","Pregnancy","","","","Descriptive","Text","0 - 500","0 - 99999"
"","1641","Anti Helicobacter Pylori Screening","Negative","","","Descriptive","List","0 - 500","0 - 0"
"","1642","CRP (High Sensitivity)","Less than 3.0","mg/l","","Standard","Decimal","0 - 100.0","0.5 - 3"
"","1643","A/G Ratio","1.1 - 2.4","","","Standard","Formula","0 - 999","1.1 - 2.4"
"","1644","Urine Sugar","NIL","","","Descriptive","Text","0 - 250","0 - 99999"
"","1645","HbA1c","","","","Descriptive","Decimal","0 - 100","5 - 5.7"
"","1646","Dengue Virus (IgG)","Negative","","Negative","Standard","List","0 - 500","0 - 11"
"","1647","Dengue Virus (IgM)","Negative","","Negative","Standard","List","0 - 500","0 - 0"
"","1648","-","","","","Descriptive","Text","0 - 250","0 - 99999"
"","1649","C-Reactive Protein (CRP)","Less Than 10","mg/L","","Standard","Machine","0 - 999999","0 - 10"
"","1650","Calcium","9.0 - 11.0","mg/dl","","Standard","Machine","0 - 999999","9 - 11"
"","1651","RA FACTOR (Qualitative)","Negative","","","Standard","List","0 - 500","0 - 9999"
"","1652","RA FACTOR","Negative","","","Standard","List","0 - 500","0 - 9999"
"","1653","igG","Negative","","","Standard","List","0 - 500","0 - 99999"
"","1654","H-Pylori","Negative","","","Standard","List","0 - 500","0 - 0"
"","1655","VDRL","Negative","","","Standard","List","0 - 250","0 - 0"
"","1656","Dengue NS1 Antigen","Negative","","","Standard","List","0 - 500","0 - 0"
"","1657","RA FACTOR(Quantitative)","Negative","","","Standard","List","0 - 500","0 - 999"
"","1658","Urine Sugar Fasting","60 - 110","mg/dl","","Standard","Decimal","0 - 550","60 - 110"
"","1659","ESR","Female: < 15Male: < 8","mm/1st hr","","Standard","Decimal","0 - 100","0 - 20"
"","1660","Bilirubin Conjugated","0.1 - 0.2","mg/dl","","Standard","Decimal","0 - 30.5","0 - 7.9"
"","1661","Rheumatoid Factor (RA)","<20","iu/ml","","Standard","Text","0 - 500","0 - 500"
"","1662","Indirect Bilirubin","0.1 - 0.3","mg/dl","","Standard","Formula","0 - 500","0 - 50"
"","1663","Neutrophil, Absolute","2500 - 7000","/mm3","","Standard","Decimal","0 - 99999","2500 - 7000"
"","1664","Lymphocyte, Absolute","1500 - 4000","/mm3","","Standard","Decimal","0 - 99999","1500 - 4000"
"","1665","Monocyte, Absolute","200 - 1000","/mm3","","Standard","Decimal","0 - 99999","200 - 1000"
"","1666","Eosinophil, Absolute","50 - 500","/mm3","","Standard","Decimal","0 - 99999","50 - 500"
"","1667","Cholesterol / HDL Cholesterol Ratio","Normal: 3.5 to 5.0High: > 5.0","mg/dl","","Standard","Formula","0 - 500","0 - 500"
"","1668","V.L.D.L","Normal: < 30Borderline High: 30 to 40","mg/dl","","Standard","Formula","0 - 999999","0 - 50"
"","1669","TSH","0.30 - 4.50","uIU/ml","","Standard","Text","0 - 500","0.4 - 7"
"","1670","Bilirubin Unconjugated","0.1 - 1.0","mg/dl","","Standard","Formula","0 - 3","0.1 - 1"
"","1671","Uric Acid","Female: 2.5 - 5.5Male: 3.5 - 7.0","mg/dl","","Standard","Decimal","0 - 21.6","2.5 - 15"
"","1672","Patient's Value","Non-Reactive: <0.9Borderline: 0.9-1.0Reactive: >1.0","U/ml","","Standard","Decimal","0 - 60","0 - 20"
"","1673","Pus Cells","1-2","","2-4","Standard","Text","0 - 250","0 - 99999"
"","1674","Volume","1.0-7.0","ml","","Standard","Decimal","0 - 250","1 - 7"
"","1675","Days of Absence","03-30","Days","","Standard","Integer","0 - 250","2 - 30"
"","1676","Total Sperm Count","20-120","Million","","Standard","Text","0 - 500","20 - 120"
"","1677","Indirect Bilirubin","0.1 - 0.75","mg/dl","","Standard","Formula","0 - 999999","0.1 - 0.75"
"","1678","HbA1c","4.2 - 6.4","%","","Standard","Decimal","0 - 100","4.2 - 6.4"
"","1679","Urine for Pregnancy Test","Negative","","","Standard","List","0 - 500","0 - 99999"
"","1680","T3","1.2 - 3.0","nmol/L","","Standard","Decimal","0 - 555555","1.2 - 3"
"","1681","Alpha Feto-Protein","0.5 - 5.5","µIU/ml","","Standard","Decimal","0 - 30","0.5 - 5.5"
"","1682","White Blood Cell (WBC/TLC)","4 - 11","X10^3/uL","","Standard","Decimal","0 - 999","4 - 11"
"","1683","Lumbosacral Spine (AP & Lateral View)","-","","","Standard","Text","0 - 500","0 - 99999"
"","1684","ASO TITER (QUANTITATIVE)","Adults <200Children <150","IU/ml","","Standard","Decimal","0 - 500","0 - 0"
"","1685","Mixed Cells, Absolute","0.14 - 1.80","*10^9/l","","Standard","Decimal","0 - 500","0.14 - 1.8"
"","1686","Color","","","","Standard","Text","0 - 250","0 - 99999"
"","1687","Consistency","","","","Standard","Text","0 - 250","0 - 99999"
"","1688","Odour","Fecal","","","Standard","Text","0 - 500","0 - 99999"
"","1689","Reaction","NIL","","NIL","Standard","Text","0 - 250","0 - 99999"
"","1690","Ova","Not Seen","","Not Seen","Standard","Text","0 - 250","0 - 99999"
"","1691","Cysts of protozoa","Not Seen","","Not Seen","Standard","Text","0 - 250","0 - 99999"
"","1692","Vegetative forms","NIL","","NIL","Standard","Text","0 - 500","0 - 99999"
"","1693","Macrophages","NIL","","NIL","Standard","Text","0 - 500","0 - 99999"
"","1694","Muscle cells","NIL","","NIL","Standard","Text","0 - 500","0 - 99999"
"","1695","Starch","NIL","","NIL","Standard","Text","0 - 500","0 - 99999"
"","1696","X-RAY ANKLE AP AND LAT","-","","","Descriptive","Text","0 - 500","0 - 99999"
"","1697","HbA1c","4.0 - 6.0 (Non Diabetic)6.1 - 7.0 (Desirable control)7.1 - 8.0 (Sub Optimal)> 8.1     (Very Poor Contorl)","%","","Standard","Decimal","0 - 100","0 - 999990"
"","1698","Anti Helicobacter Pylori Screening","","","","Standard","Text","0 - 500","0 - 99999"
"","1699","LH","* Healthy women:Follicular phase:2.965-11.93Ovulation phase:4.089-26.04Luteal phase:1.317-7.955Postmenopausal phase:27.0 - 129.0","mIU/ml","","Standard","Decimal","0 - 270","0 - 99999999"
"","1700","FSH","* Healthy women:Follicular phase:2.148-13.01Ovulation phase:12.93-92.57Luteal phase:1.084-12.39Postmenopausal phase:13.5 - 96.0","mIU/ml","","Standard","Decimal","0 - 453","0 - 99999"
"","1701","Prolactin","* Follicular phase: 2.72 - 29.4Preovulatorypeak: 6.91 - 27.9Luteal phase: 2.64 - 37.2Postmenopausal: 2.77 - 14.4","ng/ml","","Standard","Decimal","0 - 105","0 - 99999"
"","1702","Helicobacter Pylori Abs IgM","< 0.8 Negative0.8 - 1.2 Borderline> 1.2 Positive","S/CO","","Standard","Text","0 - 500","0 - 1000"
"","1703","Total lipid","250 - 1000","mg/dl","","Standard","Decimal","0 - 1000","250 - 1000"
"","1704","CHOLESTEROL/HDL CHOLESTEROL RATIO","Desirable:3.5 to 5.0                      High:>5.0","mg/dl","","Standard","Decimal","0 - 500","3.5 - 5"
"","1705","APTT","29 - 36","Seconds","","Standard","Text","21 - 500","22 - 500"
"","1706","Coombs Test Indirect","Negative","","","Descriptive","Text","0 - 250","0 - 99999"
"","1707","Coombs Test Direct","Negative","","","Descriptive","Text","0 - 250","0 - 99999"
"","1708","IU/ml","< 15.0  IU/ml","IU/ml","","Standard","Text","0 - 250","0 - 15"
"","1709","Result","","","","Standard","Text","0 - 500","0 - 99999"
"","1710","Indirect Bilirubin.","0.1 - 0.3","mg/dl","","Standard","Formula","0 - 500","0.1 - 0.3"
"","1711","INR.","0.83 - 1.16","","","Standard","Formula","0 - 999999","0.83 - 1.16"
"","1712","Typhoid antigen","> 0.5","mg/ul","","Standard","Text","0 - 500","0 - 999999"
"","1713","Typhoid Antigen.","","","","Descriptive","List","0 - 500","0 - 99999"
"","1714","BETA HCG","Female,non pregnent < 10.00Female,1 - 3 weeks 50 - 1500Female,4 - 5 weeks 2500 - 85000Female,6 - 11 weeks 12 000 - 280 000Female,12- 21 weeks 7000 - 195 000Male < 10.00","mIU/ml","","Standard","Text","0 - 500","0 - 99999"
"","1715","CRP (High Sensitivity)","< 3.0","mg/L","","Standard","Decimal","0 - 50.0","0.01 - 2.99"
"","1716","Results","NON-REACTIVE","","","Descriptive","List","0 - 500","0 - 0"
"","1717","PATIENT VALUE","Non Reactive <0.9Border Line 0.9 - 1.0Reactive >1.0","","","Descriptive","Decimal","0 - 500","0 - 1"
"","1718","Dengue NS1 Antigen","Negative: < 0.9Borderline: 0.9 - 1.1Positive: > 1.1","","","Standard","Decimal","0 - 500","0 - 1.1"
"","1719","Free T4","8.9 - 17.2","pg/mL","","Standard","Decimal","0 - 66","9 - 22"
"","1720","FSH","Male : 1.5 - 11.8Females :Follicualr phase : 3.2 - 15Ovulatory phase : 7.5 - 20Luteal phase : 1.3 - 11Postmenopuase : 36 - 138","mIU/ml","","Standard","Decimal","0 - 453","1.3 - 151"
"","1721","Prolactin","Male : 2.53 - 15.9Female :Normal 13.10 - 23.03Postmenopusal 2.91 - 19.27","ng/ml","","Standard","Decimal","0 - 1000","2.35 - 35"
"","1722","T4","4.58 - 11.88","ug/dL","","Standard","Decimal","0 - 459","4.58 - 11.9"
"","1723","T3","0.69 - 2.15","ng/ml","","Standard","Decimal","0 - 564","0.69 - 2.15"
"","1724","T4","52 - 127","ng/mL","","Standard","Decimal","0 - 180","51 - 127"
"","1725","TSH (Thyroid Stimulating Hormone)","0.30 - 4.50","uIU/mL","","Standard","Decimal","0 - 10","0.3 - 4.5"
"","1726","Anti Mullerian Hormone (AMH)","Female < 10 years < 0.08 - 10.610 - 20 0.62 - 10.921 - 30 < 0.08 - 10.231 - 40 0.15 - 10.641 - 50 < 0.08 - 6.12> 50 < 0.08 - 0.40Male : 1 - 11 39.1 - 33012 - 20 1.15 - 142> 20 0.60 - 18.2","ng/mL","","Standard","Decimal","0 - 1398","0.7 - 466"
"","1727","HAV IgM","Negative: < 0.8Equivocal: 0.8 to 1.2Positive: > 1.2","","","Standard","List","0 - 500","0 - 1.2"
"","1728","Serum Ferritin","Males : 25 - 350Females : 13 - 232","ng/ml","","Standard","Decimal","0 - 900","20 - 300"
"","1729","Creatinine (Spot Urine)","Male : 40 - 278Female : 29 - 226","mg/dl","","Standard","Decimal","0 - 498","40 - 278"
"","1730","Phosphate (Serum)","Adult: 2.5 - 4.5Child: 4.0 - 7.0","mg/dl","","Standard","Decimal","0 - 21","2.5 - 7"
"","1731","Patient's Value","","","","Descriptive","Decimal","0 - 60","0 - 1"
"","1732","Physical Examination","","","","Standard","Text","0 - 250","0 - 99999"
"","1733","V.D.R.L","","","","Standard","List","0 - 500","0 - 0"
"","1734","Direct Bilirubin","Less than 0.5","mg/dl","","Standard","Decimal","0 - 500","0 - 0.5"
"","1735","Indirect Bilirubin","0.1 - 1.0","mg/dl","","Standard","Formula","0 - 999999","0.1 - 1"
"","1736","Alkalaine Phosphatase","Female: 64-306Male: 80-306Upto 15 Years:<64415-17 Years: <483","U/L","","Standard","Decimal","0 - 1500","64 - 400"
"","1737","PCT","0.22 - 0.24","%","","Standard","Decimal","0 - 500","0.22 - 0.24"
"","1738","Bilirubin Total","0.2 - 1.2","mg/dl","","Standard","Decimal","0 - 250","0.2 - 1.2"
"","1739","R.A FACTOR (QUALITATIVE)","Negative","","","Standard","List","0 - 500","0 - 9999"
"","1740","HISTO # :","","","","Descriptive","Text","0 - 500","0 - 99999"
"","1741","MICROSCOPIC APPEARANCES :","","","","Descriptive","Text","0 - 500","0 - 99999"
"","1742","OPINION :","","","","Descriptive","Text","0 - 500","0 - 99999"
"","1743","Urea (Serum)","10 - 50","mg/dl","","Standard","Text","0 - 250","10 - 50"
"","1744","BUN (Blood Urea Nitrogen)","Adults <65Y 7 - 23.3 mg/dlAdults >65Y <33 mg/dl","mg/dl","","Standard","Formula","0 - 999999","7 - 23.3"
"","1745","Creatinine (Serum)","Male: 0.7 - 1.2Female: 0.6 - 1.1","mg/dl","","Standard","Text","0 - 40","0.3 - 1.2"
"","1746","Hemoglobin (HB)","11.5 - 16.0","g/dl","","Standard","Machine","0 - 999999","11.5 - 16"
"","1747","HCT (PCV)","36 - 46","%","","Standard","Machine","0 - 999999","36 - 46"
"","1748","Mean Cell Volume (MCV)","75 - 95","fl","","Standard","Machine","0 - 999999","75 - 95"
"","1749","Mean Cell Hemoglobin (MCH)","26 - 32","pg","","Standard","Machine","0 - 999999","26 - 32"
"","1750","Mean Cell Hb Conc (MCHC)","30 - 35","%","","Standard","Machine","0 - 999999","30 - 35"
"","1751","ESR","Less than 20","mm/1st hr","","Standard","Decimal","0 - 999","0 - 20"
"","1752","Eosinophils","1 - 6","%","","Standard","Decimal","0 - 100","1 - 6"
"","1753","Hemoglobin (HB)","15 - 24","g/dl","","Standard","Decimal","0 - 500","15 - 24"
"","1754","Red Blood Cell (RBC)","4.1 - 6.7","*10^12/l","","Standard","Decimal","0 - 500","4.1 - 6.7"
"","1755","Hematocrit (HCT)","44 - 65","%","","Standard","Decimal","0 - 100","44 - 65"
"","1756","Mean Cell Volume (MCV)","102 - 115","fl","","Standard","Decimal","0 - 250","102 - 115"
"","1757","Mean Cell Hemoglobin (MCH)","33 - 39","pg","","Standard","Decimal","0 - 250","33 - 39"
"","1758","White Blood Cell (WBC/TLC)","10 - 25","*10^9/l","","Standard","Decimal","0 - 999","10 - 25"
"","1759","Neutrophils","32 - 60","%","","Standard","Decimal","0 - 100","32 - 60"
"","1760","Lymphocytes","26 - 40","%","","Standard","Decimal","0 - 100","26 - 40"
"","1761","Monocytes","Less than 9","%","","Standard","Decimal","0 - 100","0 - 9"
"","1762","Eosinophil","Less than 4","%","","Standard","Decimal","0 - 100","0 - 4"
"","1763","ESR","Less than 10","mm/1st hr","","Standard","Decimal","0 - 200","0 - 10"
"","1764","Hemoglobin (HB)","13 - 18","g/dl","","Standard","Decimal","0 - 500","13 - 18"
"","1765","Hematocrit (HCT)","38 - 52","%","","Standard","Decimal","0 - 100","38 - 52"
"","1766","Urea","10 - 50","mg/dl","","Standard","Decimal","0 - 400","10 - 50"
"","1767","Blood Urea Nitrogen (BUN)","8 - 22","mg/dl","","Standard","Formula","0 - 999999","8 - 22"
"","1768","Creatinine","0.55 - 1.3","mg/dl","","Standard","Decimal","0 - 40","0.55 - 1.3"
"","1769","Glomerular Filteration Rate (GFR)","15 - 60","mL/Min/1.73m^2","","Standard","Decimal","0 - 500","15 - 60"
"","1770","Globulin","1.8 - 3.5","g/dl","","Standard","Formula","0 - 999999","1.8 - 3.5"
"","1771","alkaline phosthate","85-306","u/l","","Standard","Text","0 - 500","85 - 306"
"","1772","Creatinine","0.6 - 1.3","mg/dl","","Standard","Decimal","0 - 99","0.6 - 1.3"
"","1773","Triglycerides","Male: 40 - 160Female: 35 - 135","mg/dl","","Standard","Machine","0 - 999999","0 - 160"
"","1774","V.L.D.L","Normal: < 32Borderline High: 32 to 42High: 42 to 102Very High: > 102","mg/dl","","Standard","Decimal","0 - 99999","0 - 102"
"","1775","Serum Cholesterol","Normal: < 200Boderline High: 200 - 220Very High: > 220","mg/dl","","Standard","Machine","0 - 999999","0 - 220"
"","1776","HDL Cholesterol.","Male: 41 - 66Female: 48 - 73","mg/dl","","Standard","Machine","0 - 999999","41 - 73"
"","1777","LDL Cholesterol","Normal: < 119Borderline High: 119-138Very High: >145","mg/dl","","Standard","Decimal","0 - 999","0 - 145"
"","1778","Cholesterol / HDL Cholesterol Ratio","Desirable: 3.5 to 5.0High: > 5.0","mg/dl","","Standard","Formula","0 - 500","0 - 5"
"","1779","Bilirubin Total","Adults: 0.1-1.1Newborn: <10","mg/dl","","Standard","Decimal","0 - 250","0.2 - 1.1"
"","1780","SGPT (ALT)","5-40","U/L","","Standard","Decimal","0 - 99999","4 - 40"
"","1781","SGOT (AST)","9-35","U/L","","Standard","Decimal","0 - 99999","8 - 35"
"","1782","Gamma GT","10-45","IU/L","","Standard","Decimal","0 - 150","10 - 45"
"","1783","Total Protein","5.0 - 7.5","g/dL","","Standard","Decimal","0 - 25.5","5 - 7.5"
"","1784","Albumin","2.5 - 4.0","g/dl","","Standard","Decimal","0 - 500","2.5 - 4"
"","1785","Globulins","2.5 - 4.0","g/dl","","Standard","Formula","0 - 999999","2.5 - 4"
"","1786","Blood Urea Nitrogen (BUN)","8 - 22","mg/dl","","Standard","Formula","0 - 999999","8 - 22"
"","1787","HDL Cholesterol","Low : < 39Normal : > 40","mg/dl","","Standard","Decimal","0 - 400","39 - 60"
"","1788","V.L.D.L","Less than 30 mg/dL Normal30 to 40 mg/dL Borderline High40 to 100 mg/dL HighMore than 100 mg/dL Very High","mg/dl","","Standard","Decimal","0 - 120","0 - 40"
"","1789","NON-HDL CHOLESTEROL","Desirable :     < 130Above Desirable:  130 – 159Broderline High:  160 – 189High:             190 – 219Very High: > or = 220","","","Standard","Formula","0 - 999999","0 - 190"
"","1790","Cholesterol / HDL Cholesterol Ratio","Desirable: 3.5 to 5.0High: > 5.0","mg/dl","","Standard","Formula","0 - 500","0 - 5"
"","1791","LDL CHOLESTEROL/HDL CHOLESTEROL RATIO","Risk                                              MenVery low (1/2 average)                    1Average risk                                   3.6Moderate risk (2x average)             6.3","","","Standard","Formula","0 - 999999","0 - 6.3"
"","1792","Globulins","1.8 - 3.5","g/dl","","Standard","Formula","0 - 999999","1.8 - 3.5"
"","1793","A/G Ratio","1.1 - 2.4",".","","Standard","Formula","0 - 999","1.1 - 2.4"
"","1794","Indirect Bilirubin.","0.1 - 0.75","mg/dl","","Standard","Formula","0 - 999999","0.1 - 0.75"
"","1795","T-Spot TB Test(T-Cell Count)","Interpretation:Negative <5Borderline 5-7Positive > 7","","","Standard","Text","0 - 500","0 - 999999999"
"","1796","Hepatitis B Surface Antigen","","","","Standard","List","0 - 500","0 - 999"
"","1797","HBsAg Patient's index value","Negative <0.9Border Line 0.9 - 1.0Positive >1.0","","","Standard","Text","0 - 500","0 - 99999"
"","1798","Anti HCV Elisa Result","","","","Standard","List","0 - 500","0 - 500"
"","1799","Anti HCV Patient's index value","Negative: < 0.9Borderline: 0.9 to 1.2Positive: > 1.2","S/CO","","Standard","Decimal","0 - 999","0 - 500"
"","1800","Hyaline Cast","Nil","","Nil","Standard","Text","0 - 500","0 - 99999"
"","1801","ESR","Female: Less than 30Male: Less than 20","mm/1st hr","","Standard","Decimal","0 - 1000","10 - 30"
"","1802","INR","0.83 - 1.16","","","Standard","Formula","0 - 999999","0.83 - 1.16"
"","1803","LDL CHOLESTEROL","Desirable: < 99Above Desirable: 100-129Borderline: 130 - 159High: 160 - 189Very High: > 190","mg/dl","","Standard","Formula","0 - 999999","0 - 160"
"","1804","CHOLESTEROL / HDL CHOLESTEROL RATIO","Desirable: 3.5 to 5.0High: > 5.0","mg/dl","","Standard","Formula","0 - 999999","0 - 5"
"","1805","T3","0.5 - 5.0","ng/mL","","Standard","Decimal","0 - 5.64","0.5 - 5"
"","1806","T4","60.0- 120.0","nmol/L","","Standard","Decimal","0 - 459","60 - 120"
"","1807","TSH","Adult: 0.34 - 5.60Child: 0.40 - 7.00","µIU/mL","","Standard","Decimal","0 - 21","0.4 - 7"
"","1808","Hemoglobin (HB)","Female: 13-16Male: 10- 25","g/dl","","Standard","Integer","0 - 100","13 - 25"
"","1809","Urea","10- 50","mg/dl","","Standard","Decimal","0 - 400","8 - 50"
"","1810","Creatinine","0.4-1.3","mg/dl","","Standard","Decimal","0 - 40","0.4 - 1.3"
"","1811","Serum Cholesterol","140-200","mg/dl","","Standard","Decimal","0 - 1000","140 - 200"
"","1812","Triglycerides","50-150","mg/dl","","Standard","Decimal","0 - 1200","50 - 150"
"","1813","Eosinophil, Absolute","02 - 05","*10^9/l","","Standard","Decimal","0 - 100","2 - 5"
"","1814","Intact Parathyroid Hormone (IPTH)","10 - 65","pg/mL","","Standard","Decimal","0 - 9999","0 - 65"
"","1815","Dengue Virus (IgG)","Negative: < 9.0Borderline: 9.0 to 1.1Positive: > 1.1","","","Standard","Decimal","0 - 33","0 - 11"
"","1816","Beta HCG Level","0-5 for non pregnantGestational AgeUpto 4 wks:5-1005 wks: 200-30006 wks: 10,000-80,0007-14 wks: 90,000-500,00015-26 wks: 5000-80,00026-40 wks: 3000-15,000","mIU/mL","","Standard","Decimal","0 - 1000000","0 - 10000000"
"","1817",".","","","","Standard","Text","0 - 2000","0 - 99999"
"","1818","Physical Examination","","","","Descriptive","Text","0 - 500","0 - 99999"
"","1819","Microscopic Examination","","","","Standard","Text","0 - 250","0 - 99999"
"","1820","Rubella IgM","Positive: > 1.0","IU/ml","","Standard","Decimal","0 - 3","0 - 1"
"","1821","Rubella IgG","Less Than 10","IU/mL","","Standard","Text","0 - 500","0 - 10"
"","1822","T.I.B.C.","250.00 400.00","µg/dl","","Standard","Text","0 - 500","0 - 99999999"
"","1823","HB-A2","2.0 - 3.2","%","","Standard","Decimal","0 - 100","0 - 99"
"","1824","BETA-HCG","< 10.00 for non pregnantGestational AgeUpto 4 wks:5-1005 wks: 200-30006 wks: 10,000-80,0007-14 wks: 90,000-500,00015-26 wks: 5000-80,00026-40 wks: 3000-15,000","mIU/mL","","Standard","Decimal","0 - 1000000","0 - 10000000"
"","1825","Free T4","8.9 - 17.2","ng/dl","","Standard","Decimal","0 - 66","0 - 500"
"","1826","Intact Parathyroid Hormone (IPTH) (Fasting)","10 - 65","pg/mL","","Standard","Decimal","0 - 1000","0 - 1000"
"","1827","TSH","Adult: 0.30 - 4.50Child: 0.40 - 7.00","µIU/mL","","Standard","Text","0 - 110","0.3 - 4.5"
"","1828","Adrenocorticotropic Hormone (ACTH)-AM","6.0 - 48.0","pg/ml","","Standard","Decimal","0 - 173.4","0 - 500"
"","1829","Anti Mullerian Hormone (AMH)","Female:< 10 years 0.08 - 10.610 - 20 -  0.62 - 10.921 - 30 -  0.08 - 10.231 - 40 -  0.15 - 10.641 - 50 -  0.08 - 6.12> 50    -  0.08 - 0.40Male:1 - 11  -  39.1 - 33012 - 20 -  1.15 - 142> 20    -  0.60 - 18.20","ng/mL","","Standard","Text","0 - 500","0 - 500"
"","1830","PSA (Prostate Specific Antigen) Total","Male: < 4.0Female: < 5.0","ng/ml","","Standard","Decimal","0 - 500","0 - 500"
"","1831","Serum Ferritin","Men : 25 - 350Women : 13 - 232Newborn: 22 - 220Children (6 months - 15 years): 7 - 140","ng/ml","","Standard","Decimal","0 - 900","0 - 1000"
"","1832","Serum Globulin","1.8 - 3.4","mg/dl","","Standard","Formula","0 - 10.2","0 - 100"
"","1833","Urine Protein","<80<300 (pregnancy)","mg/24 Hours","","Standard","Decimal","0 - 5000","0 - 5000"
"","1834","Alkalaine Phosphatase","Male:      80 - 306Female:    64 - 3060-15 year: up to - 6440-17 years:up to - 483","U/L","","Standard","Text","0 - 500","0 - 5000"
"","1835","L.D.H.","140 to 280","U/L","","Standard","Decimal","0 - 99999","0 - 5000"
"","1836","Albumin (Spot Urine)","< 35","mg/dl","","Standard","Decimal","0 - 500","0 - 500"
"","1837","Creatinine (Spot Urine)","40 - 278 - Male 29 - 226 - Female","mg/dl","","Standard","Decimal","0 - 500","0 - 5000"
"","1838","Albumin / Creatinine Ratio (Spot Urine)","0.2","","","Standard","Decimal","0 - 50","0 - 500"
"","1839","Direct Bilirubin","0.3 - 0.7","mg/dl","","Standard","Decimal","0 - 999","0.3 - 0.8"
"","1840","Indirect Bilirubin","0.1 - 0.4","mg/dl","","Standard","Formula","0 - 999999","0.1 - 0.4"
"","1841","Alkalaine Phosphatase","Male:      80 - 306Female:    64 - 3060-15 year:  up to- 6440-17 years  up to-483","U/L","","Standard","Decimal","0 - 9999","80 - 650"
"","1842","Rheumatoid Factor (Rh)","<20","iu/ml","","Standard","Decimal","0 - 5000","0 - 20"
"","1843","Indirect Bilirubin","0.1 - 0.3","mg/dl","","Standard","Formula","0 - 999999","0 - 50"
"","1844","Eosinophils","1 - 5","%","","Standard","Formula","0 - 100","0 - 111"
"","1845","Blood Urea Nitrogen (BUN)","4-23","mg/dl","","Standard","Formula","0 - 66","4 - 500"
"","1846","SGPT (ALT)","5 - 42","U/L","","Standard","Text","0 - 500","0 - 10000"
"","1847","Cholesterol / HDL Cholesterol Ratio","Normal: 3.5 to 5.0High: > 5.0","mg/dl","","Standard","Text","0 - 500","0 - 500"
"","1848","V.L.D.L","Normal: < 30Borderline High: 30 to 40","mg/dl","","Standard","Text","0 - 500","0 - 500"
"","1849","PT","14","Seconds","","Standard","Text","0 - 121","0 - 1000"
"","1850","Serum Ferritin","Males : 25 - 350Females : 13 - 232","ng/ml","","Standard","Text","0 - 500","0 - 9999"
"","1851","FREE T4","0.89-1.72","ng/dl","","Standard","Decimal","0 - 99","0 - 45"
"","1852","After 75 Grams Glucose ( 1/2 hour )","80-160","mg/dl","","Standard","Decimal","0 - 999","80 - 160"
"","1853","Anti CCP Antibody","< 17 Negative> 17 Positive","U/mL","","Standard","Text","0 - 500","0 - 999"
"","1854","TROPONIN-T (QUALITATIVE)","NEGATIVE","","","Standard","List","0 - 500","0 - 999998"
"","1855","HbA1c","5.0 - 6.4","%","","Standard","Decimal","0 - 100","5 - 6.4"
"","1856","After 75 Grams Glucose ( 2 hour )","80-160","mg/dl","","Standard","Decimal","0 - 999","80 - 160"
"","1857","Helicobacter Pylori Abs (IgG)","Negative: < 0.9Borderline: 1.0 - 1.1Positive: > 1.2","U/ml","","Standard","Text","0 - 100","0 - 1000"
"","1858","QuantiFeron-TB Gold Test","(See below)","IU/ml","","Descriptive","Text","0 - 500","0 - 100"
"","1859","CMV IgG","Negative: < 0.9Grayzone: 0.90 to 1.1Positive: > 1.1","IU/ml","","Standard","Text","0 - 500","0 - 100"
"","1860","CMV IgM","Negative: < 0.9Grayzone: 0.90 to 1.1Positive: > 1.1","IU/ml","","Standard","Text","0 - 500","0 - 100"
"","1861","HSV-1 IgG","Negative: < 0.9Equivocal: 0.9 to 1.1Positive: > 1.1","IU/ml","","Standard","Text","0 - 500","0 - 0"
"","1862","HSV-1 IgM","Negative: < 0.9Equivocal: 0.9 to 1.1Positive: > 1.1","IU/ml","","Standard","Text","0 - 500","0 - 500"
"","1863","Toxoplasma IgG","Negative","","","Standard","List","0 - 500","0 - 0"
"","1864","Toxoplasma IgM","Negative","","","Standard","List","0 - 500","0 - 0"
"","1865","Blood Urea Nitrogen (BUN)","4-23","mg/dl","","Standard","Formula","0 - 66","4 - 500"
"","1866","Indirect Bilirubin","0.1 - 0.3","mg/dl","","Standard","Formula","0 - 999999","0 - 50"
"","1867","INR","0.9 - 1.1","","","Standard","Formula","0 - 999999","0.9 - 1.1"
"","1868","Rapid Progressive","> 20 %","%","%","Standard","Text","0 - 100","0 - 100"
"","1869","Progressive (PR)","> 20 %","%","%","Standard","Text","0 - 500","0 - 100"
"","1870","Cholesterol / HDL Cholesterol Ratio","Normal: 3.5 to 5.0High: > 5.0","mg/dl","","Standard","Formula","0 - 500","0 - 500"
"","1871","V.L.D.L","Normal: < 30Borderline High: 30 to 40","mg/dl","","Standard","Formula","0 - 120","0 - 500"
"","1872","FREE T4","0.6 - 1.12","ng/dl","","Standard","Text","0 - 500","0 - 100"
"","1873","INR","0.9 - 1.1","","","Standard","Formula","0 - 999999","0.9 - 1.1"
"","1874","Insulin (Fasting)","Child upto 12 years: < 10Adult (Normal): 0.7 - 9.0Diabetic (Type 2): 0.7 - 25","uIU/ml","","Standard","Decimal","0 - 27","0 - 9"
"","1875","TSH receptor antibodies (TRAB)","Normal <1.75High   =1.75","IU/L","","Standard","Text","0 - 500","0 - 1.74"
"","1876","BETA HCG","Female;Non Pregnant < 10.00Pregnant Female3-7   Days     5     - 501-2   Weeks    10    - 4722-3   Weeks    90    - 4,5903-4   Weeks    462   - 10,9404-5   Weeks    1,065 - 68,2485-6   Weeks    7,458 - 118,5156-7   Weeks    14,423- 175,6387-8   Weeks    31,510- 184,6288-12  Weeks    28,639- 224,91912-16 Weeks    9,870 - 106,91716-18 Weeks    7,924 - 56,552Male < 10.00","mIU/ml","","Standard","Text","0 - 500","0 - 999999"
"","1877","Blood Urea Nitrogen (BUN)","7.0 - 22.0","mg/dl","","Standard","Machine","0 - 999999","7 - 22"
"","1878","Creatinine","Male   "" 0.6 - 1.1 ""Female "" 0.5 - 0.9 ""","mg/dl","","Standard","Machine","0 - 999999","0.5 - 1.2"
"","1879","Osmolality (Urine)","50.0  -  1200.0","mOsmol/kg","","Standard","Decimal","0 - 4500","50 - 1200"
"","1880","Stool for Clostridium-Difficile Toxin","SEE BELOW","-","","Standard","Decimal","0 - 3.3","0 - 1.1"
"","1881","Platelets Count","150000 - 450000","/cu mm","","Standard","Decimal","0 - 999999","150000 - 450000"
"","1882","Gamma GT","Male: < 50 , Female: < 30","U/L","","Standard","Machine","0 - 999999","0 - 50"
"","1883","Albumin","3.7 - 5.3","g/dL","","Standard","Machine","0 - 999999","3.7 - 5.3"
"","1884","S.G.O.T (A.S.T)","Male:< 40 Female: < 35","U/L","","Standard","Decimal","0 - 99999","0 - 40"
"","1885","Gamma GT","Male:< 50, Female:< 30","U/L","","Standard","Machine","0 - 999999","0 - 50"
"","1886","C.P.K","Male: 38 - 174Female: 26 - 140","U/L","","Standard","Decimal","0 - 9999","26 - 174"
"","1887","SGOT (AST)","Adult: < 40","U/l","","Standard","Machine","0 - 999999","0 - 40"
"","1888","Micro Albumin","Less Than 25","mg/24 Hours","","Descriptive","Machine","0 - 999999","0 - 25"
"","1889","Uric Acid","Female: 2.5 - 6.0Male: 3.5 - 7.2Child <12 year: 2.0 - 5.5","mg/dl","","Standard","Machine","0 - 999999","2 - 7.2"
"","1890","Serum Cholesterol","Desirable: < 200Borderline High: 200 - 220High: > 220","mg/dl","","Standard","Decimal","0 - 720","0 - 220"
"","1891","Triglycerides","Male: 40 - 160Female: 35 - 135","mg/dl","","Standard","Decimal","0 - 2500","0 - 160"
"","1892","HDL Cholesterol","Male: 41 - 66Female: 48 - 73","mg/dl","","Standard","Decimal","0 - 400","41 - 73"
"","1893","Glomerular Filteration Rate (GFR)","Stage 1   GFR equal to or more than 90    may be slight renal damage with normal or increased GFR  Stage 2   GFR 60-89 mild decrease in renal function  Stage 3   GFR 30-59  moderate decrease in renal function  Stage 4   GFR 15-29 severe decrease in renal function  Stage 5   GFR less than 15, consider dialysis or renal transplant","mL/Min/1.73m^2","","Standard","Decimal","0 - 500","0 - 99999"
"","1894","ProBNP (N-t) II","Less Than 300","pg/ml","","Standard","Decimal","0 - 900","0 - 300"
"","1895","APTT","24 - 35","Seconds","","Standard","Decimal","0 - 999","24 - 35"
"","1896","APTT Control","34","Seconds","34","Standard","Decimal","0 - 99","0 - 35"
"","1897","ESR","Female: Less than 18Male: Less than 14","mm/1st hr","","Standard","Decimal","0 - 200","0 - 500"
"","1898","Heamoglobin (HB)","Female: 12.0 - 16.0Male: 14.0 - 18.0","g/dl","","Standard","Decimal","0 - 500","0 - 25"
"","1899","Platelets Count","150 - 450","*10^9/l","","Standard","Decimal","0 - 99999","150 - 450"
"","1900","ANA Screen IgG","","","","Standard","Text","0 - 250","0 - 99999"
"","1901","Anti HIV I & II Elisa","Negative: < 0.9Borderline: 0.9 to 1.2Positive: > 1.2","S/CO","","Standard","Text","0 - 500","0 - 5000"
"","1902","Dengue NS1 Antigen","Negative < 0.9Borderline 0.9-1.2Positive >1.2","S/CO","","Standard","Text","0 - 500","0 - 1000"
"","1903","Hepatitis B Surface Antigen","Negative: < 0.9Borderline: 0.9 to 1.2Positive: > 1.2","S/CO","","Standard","Text","0 - 500","0 - 1000"
"","1904","Alpha Feto-Protein","Less Than 10","ng/ml","","Standard","Decimal","0 - 10000","0 - 10000"
"","1905","Anti Ds DNA IgG","Negative: < 0.8Borderline: 0.8 to 1.2Positive: > 1.2","IU/ml","","Standard","Text","0 - 100","0 - 100"
"","1906","Anti Tissue Transglutaminase IgA","< 18 Negative18 - 22 Borderline> 22 Positive","U/ml","","Standard","Text","0 - 500","0 - 500"
"","1907","Anti Tissue Transglutaminase IgG","< 18 Negative18 - 22 Borderline> 22 Positive","U/mL","","Standard","Text","0 - 500","0 - 500"
"","1908","IgE","Less Than 190","IU/ml","","Standard","Decimal","0 - 5000","0 - 5000"
"","1909","Stool for H. Pylori Antigen","Negative","","","Standard","Text","0 - 250","0 - 99999"
"","1910","Mucus","","","Nil","Standard","Text","0 - 250","0 - 99999"
"","1911","Cyst/Trophozoite","","","Not Seen.","Descriptive","Text","0 - 250","0 - 99999"
"","1912","Yeast Cells","","","Nil","Descriptive","Text","0 - 250","0 - 99999"
"","1913","Stool for Occult Blood","Negative","","","Standard","List","0 - 500","0 - 0"
"","1914","Free T3","1.2 - 4.2","pg/ml","","Standard","Decimal","0 - 12.6","0 - 500"
"","1915","Free T4","0.7 - 1.7","ng/dl","","Standard","Decimal","0 - 66","0 - 500"
"","1916","LH","Male: 1.2 - 9.0FemaleFollicular phase: 0.90 - 15.0Ovulatory phase: 15.0 - 90.0Luteal phase: 0.80 - 15.0Postmenopause: 10.0 - 65.0","mIU/ml","","Standard","Decimal","0 - 1000","0 - 1000"
"","1917","T4","4.6 - 11.8","ug/dL","","Standard","Decimal","0 - 50","0 - 111"
"","1918","Coagulum","","","","Descriptive","List","0 - 500","0 - 10000"
"","1919","Xanthochromia","","","","Descriptive","List","0 - 500","0 - 1000"
"","1920","CSF Protein","","","mg/dl","Descriptive","Text","0 - 500","0 - 99999"
"","1921","CSF Glucose","","","mg/dl","Descriptive","Text","0 - 500","0 - 99999"
"","1922","Total Cell Count","","","/cmm","Descriptive","Text","0 - 500","0 - 99999"
"","1923","WBCs","","","/cmm","Descriptive","Text","0 - 500","0 - 99999"
"","1924","RBCs","","","/cmm","Descriptive","Text","0 - 500","0 - 99999"
"","1925","Neut","","","%","Descriptive","Text","0 - 500","0 - 99999"
"","1926","Lymph","","","%","Descriptive","Text","0 - 500","0 - 99999"
"","1927","Special Stain","","","","Sub Heading","Text","0 - 500","0 - 99999"
"","1928","Type of Fluid","","","","Descriptive","List","0 - 500","0 - 100"
"","1929","Fluid Protein","","","g/dl","Descriptive","Text","0 - 500","0 - 99999"
"","1930","Fluid Glucose","","","mg/dl","Descriptive","Text","0 - 500","0 - 99999"
"","1931","Fluid LDH","","","U/L","Descriptive","Text","0 - 500","0 - 99999"
"","1932","Anti Cardiolipin IgG","Negative: < 10.0Positive: > 10.0","IU/ml","","Standard","Text","0 - 60","0 - 100"
"","1933","Anti Cardiolipin IgM","Negative: < 0.9Borderline positive 0.9 - 1.1Positive: > 1.1","S/CO","","Standard","Text","0 - 60","0 - 100"
"","1934","Anti Mullerian Hormone (AMH)","Males :<24 months 14 - 4662 - 12 years 7.4 - 243> 12   years 0.7 - 19Females:< 24 months  < 4.72 - 12 years < 8.813 - 19 years 0.9 - 9.520 - 29 years 1.77 - 12.430 - 39 years 0.11 - 12.640 - 49 years 0.02 - 9.77","ng/mL","","Standard","Decimal","0 - 1398","0 - 100"
"","1935","Estradiol","Male: < 87Female:Follicular Phase: 15 - 112Periovulatory Phase: 136 - 251Luteal Phase: 48 - 172Post Menopausal: 10 - 66Hormonal Contraceptives: 15 - 95","pg/mL","","Standard","Decimal","0 - 1000","0 - 10000"
"","1936","HbA1c","","%","","Standard","Decimal","0 - 100","0 - 6.4"
"","1937","Hepatitis B viral Antigen","Negative= < 0.9Borderline= 0.9 - 1.1Positive= > 1.1","S/CO","","Standard","Text","0 - 60","0 - 100"
"","1938","Helicobacter Pylori Abs IgM","Negative: < 18Equivocal: 18 to 22Positive: > 22","U/ml","","Standard","Text","0 - 500","0 - 100"
"","1939","PSA (Prostate Specific Antigen) Total","0.01 - 3.99","ng/ml","","Standard","Decimal","0 - 500","0 - 500"
"","1940","Serum Ferritin","Men : 20 - 350Women : 10 - 200","ng/ml","","Standard","Decimal","0 - 2000","0 - 1000"
"","1941","CMV IgG (Cytomegalovirus)","Negative: < 0.9Grayzone: 0.90 to 1.1Positive: > 1.1","IU/ml","","Standard","Decimal","0 - 100","0 - 100"
"","1942","CMV IgM (Cytomegalovirus)","Negative: < 0.9Grayzone: 0.90 to 1.1Positive: > 1.1","IU/ml","","Standard","Decimal","0 - 100","0 - 100"
"","1943","Troponin-T","Negative","","","Standard","Text","0 - 500","0 - 99999"
"","1944","Urine for Microalbuminuria (Spot)","Less Than 30","mg/L","","Standard","Decimal","0 - 9999","0 - 30"
"","1945","Serum Protein","6.5 - 8.8","g/dl","","Standard","Decimal","3.0 - 9.0","6 - 8.8"
"","1946","Serum Globulin","2.4 - 3.5","g/dl","","Standard","Formula","0 - 999999","2.2 - 3.6"
"","1947","A/G Ratio","1.1 - 2.4","","","Standard","Formula","0 - 999","1.1 - 2.4"
"","1948","Urine Protein","< 80<300 (pregnancy)","mg/24 Hours","","Standard","Decimal","0 - 420","0 - 0"
"","1949","Total Volume","500-2000","ml","","Standard","Decimal","50 - 3000","0 - 0"
"","1950","Alkalaine Phosphatase","Male:      80 - 270Female:    65 - 2400-10 year: 80 - 640","U/L","","Standard","Decimal","0 - 9999","0 - 650"
"","1951","Amylase","35-120","U/L","","Standard","Decimal","0 - 5000","0 - 1000"
"","1952","C3 (Complement Level 3)","0.9 - 1.8","g/l","","Standard","Decimal","0 - 10","0 - 100"
"","1953","C.P.K","Men up to 195Women up to 170","U/L","","Standard","Decimal","0 - 612","0 - 5000"
"","1954","Serum Calcium","Adult:8.4 - 10.2Children:7.6 - 11.0","mg/dl","","Standard","Decimal","5 - 15","0 - 20"
"","1955","L.D.H.","Adult: 105-230","U/L","","Standard","Decimal","0 - 99999","105 - 230"
"","1956","Urine Protein (Spot) Qualitative","Negative","","","Standard","List","0 - 500","0 - 10000"
"","1957","Protein (Spot Urine)","1 - 14","mg/dl","","Standard","Decimal","0 - 1500","0 - 500"
"","1958","Creatinine (Spot Urine)","39 - 259","mg/dl","","Standard","Decimal","0 - 500","0 - 5000"
"","1959","Protein / Creatinine Ratio (Spot Urine)","0.2","","","Standard","Formula","0 - 999999","0 - 500"
"","1960","Serum Chloride","95 - 110","mmol/L","","Standard","Decimal","0 - 999","95 - 110"
"","1961","Glomerular Filteration Rate (GFR)",">60 Normal Kidney15-60: Kidney disease<15: Kidney Failure","mL/Min/1.73m^2","","Standard","Decimal","0 - 500","0 - 500"
"","1962","Serum Sodium","135 - 145","mmol/L","","Standard","Decimal","110 - 160","0 - 200"
"","1963","Serum Potassium","3.4 - 5.5","mmol/L","","Standard","Decimal","2.5 - 7","0 - 500"
"","1964","Serum Magnesium","1.7 - 2.1","mg/dl","","Standard","Decimal","0 - 7.5","0 - 100"
"","1965","Anti HCV (Elisa)","Negative: < 0.9Borderline: 0.9 to 1.2Positive: > 1.2","S/CO","","Standard","Text","0 - 500","0 - 10000"
"","1966","White Blood Cell (WBC/TLC)","4.0 - 11.0","*10^9/l","","Standard","Decimal","0 - 999","4 - 11"
"","1967","Red Blood Cell (RBC)","Male: 4.5-6.0Female: 3.8-4.8","*10^12/l","","Standard","Decimal","0 - 999","3.8 - 6"
"","1968","Hemoglobin (HB)","Male: 13.5 - 17.5Female: 11.5 - 14.5","g/dl","","Standard","Decimal","0 - 20.0","11.5 - 17.5"
"","1969","Hematocrit (HCT)","Male: 38.0 - 50.0Female: 36.0 - 46.0","%","","Standard","Decimal","10.0 - 80.0","36 - 50"
"","1970","Mean Cell Volume (MCV)","78.0 - 95.0","fl","","Standard","Decimal","45 - 999","77 - 96"
"","1971","Mean Cell Hemoglobin (MCH)","27.0 - 32.0","pg","","Standard","Decimal","12 - 99","27 - 32"
"","1972","Mean Cell Hb Conc (MCHC)","32.0 - 36.0","g/dl","","Standard","Decimal","15 - 60","32 - 36"
"","1973","Differential Count","","","","Sub Heading","Text","0 - 500","0 - 99999"
"","1974","Neutrophils","40 - 70","%","","Standard","Decimal","0 - 100","40 - 70"
"","1975","Lymphocytes","25 - 40","%","","Standard","Decimal","0 - 100","25 - 40"
"","1976","Eosinophils","1 - 5","%","","Standard","Decimal","0 - 100","1 - 5"
"","1977","ESR","Male: <14Female: <18","mm/1st hr","","Standard","Decimal","0 - 999","2 - 20"
"","1978","Total Bilirubin","0.2 - 1.2","mg/dl","","Standard","Decimal","0 - 500","0.2 - 1.2"
"","1979","Direct Bilirubin","0.3 - 0.8","mg/dl","","Standard","Decimal","0 - 500","0.3 - 0.8"
"","1980","Indirect Bilirubin","0.1 - 0.3","mg/dl","","Standard","Decimal","0 - 500","0.1 - 0.3"
"","1981","SGPT (ALT)","5 - 45","U/L","","Standard","Decimal","0 - 999","5 - 45"
"","1982","SGOT (AST)","8 - 40","U/l","","Standard","Decimal","0 - 999","8 - 40"
"","1983","Alkaline Phosphatase (ALP)","Adults : 80 - 285Child  : Up to 645","u/l","","Standard","Decimal","0 - 2000","70 - 290"
"","1984","Appearance","Clear","","","Standard","List","0 - 500","0 - 0"
"","1985","PH","4.5 - 7.5","","","Standard","List","0 - 250","0 - 8"
"","1986","Nitrate","Nil","","","Standard","List","0 - 250","0 - 0"
"","1987","Hemoglobin","Nil","","","Standard","List","0 - 250","0 - 0"
"","1988","Urobilinogen","","","","Standard","List","0 - 250","0 - 0"
"","1989","Pus Cells","0-2","","","Standard","Text","0 - 250","0 - 99999"
"","1990","Epithelial Cells","0-1","","","Standard","Text","0 - 500","0 - 99999"
"","1991","Granular Cast/LPF","Nil","","Nil","Standard","Text","0 - 500","0 - 99999"
"","1992","Crystal","Nil","","Nil","Standard","Text","0 - 500","0 - 99999"
"","1993","Amorphous","","","","Standard","List","0 - 500","0 - 0"
"","1994","Mucous Threads","Nil","","","Standard","List","0 - 250","0 - 0"
"","1995","Volume","2.0 - 5.0","ml","ml","Standard","Text","0 - 10","1 - 6"
"","1996","Color","Grayish White to Pale Yellow","","","Standard","List","0 - 250","0 - 0"
"","1997","Liquification Time","With in 30 min","Minutes","min","Standard","Text","0 - 250","0 - 120"
"","1998","Consistency","Viscid","","","Standard","List","0 - 500","0 - 0"
"","1999","Source of Specimen","","","","Standard","List","0 - 250","0 - 15"
"","2000","Sperm Motility/Count","","","","Sub Heading","Text","0 - 500","0 - 99999"
"","2001","Total Sperm Count","20 - 90","million/ml","","Standard","Text","0 - 500","20 - 90"
"","2002","Actively motile sperm","> 50 %","%","","Standard","Text","0 - 100","50 - 70"
"","2003","Sluggish motile sperm","< 30 %","%","","Standard","Text","0 - 500","30 - 50"
"","2004","Non motile sperm","< 20 %","%","","Standard","Text","0 - 500","0 - 100"
"","2005","Morphology Spermatozoa","","","","Sub Heading","AutoComplete","0 - 500","0 - 99999"
"","2006","Normal Spermatozoa","> 75","%","","Standard","Text","0 - 500","60 - 80"
"","2007","Abnormal Spermatozoa","< 25","%","","Standard","Text","0 - 500","25 - 50"
"","2008","Progressive Motile","> 60","%","","Standard","Text","0 - 500","60 - 80"
"","2009","Non-progressive Motile","< 40","%","","Standard","Text","0 - 500","0 - 0"
"","2010","Red Blood Cells","","","","Standard","Text","0 - 500","0 - 99999"
"","2011","Epithelial Cells","","","","Standard","Text","0 - 500","0 - 99999"
"","2012","Urine for Pregnancy","","","","Standard","List","1 - 100","0 - 0"
"","2013","CRP","","","","Descriptive","List","0 - 500","0 - 0"
"","2014","C-Reactive Protein (CRP)","0 - 6.0","","","Standard","Decimal","0 - 250","0 - 500"
"","2015","Bilirubin Total","0.3 - 1.1","mg/dl","","Standard","Decimal","0.4 - 40.0","0.4 - 1.1"
"","2016","Troponin-I","Negative","","","Standard","Text","0 - 250","0 - 99999"
"","2017","Bleeding Time (BT)","2 - 7","minutes","","Standard","Decimal","0 - 99","2 - 7"
"","2018","MALARIAL PARASITE (M.P.)","NEGATIVE","","","Standard","List","0 - 500","0 - 0"
"","2019","PT","9.5 - 14","Seconds","","Standard","Decimal","0 - 99","9.5 - 14"
"","2020","PT Control","","Seconds","12","Standard","Decimal","0 - 999","0 - 1000"
"","2021","INR","0.9 - 1.1","","","Standard","Formula","0 - 999999","0.9 - 1.1"
"","2022","Hemoglobin (HB)","Male: 14.0 - 18.0Female: 12.0 - 16.0","g/dl","","Standard","Decimal","0 - 20.0","0 - 20"
"","2023","Hematocrit (HCT)","Male: 38 - 50Female: 36 - 46","%","","Standard","Decimal","10 - 70","0 - 111"
"","2024","Mean Cell Volume (MCV)","78 - 95","fl","","Standard","Decimal","45 - 120","0 - 120"
"","2025","Mean Cell Hemoglobin (MCH)","27 - 32","pg","","Standard","Decimal","12 - 40","0 - 111"
"","2026","Mean Cell Hb Conc (MCHC)","32 - 36","g/dl","","Standard","Decimal","25 - 50","0 - 111"
"","2027","Absolute Count","","","","Sub Heading","Text","0 - 500","0 - 99999"
"","2028","Basophil, Absolute","00 - 100","/mm3","","Standard","Decimal","0 - 99999","0 - 100"
"","2029","Band Cells","-","%","","Standard","Decimal","0 - 100","0 - 99999"
"","2030","Peripheral Film","","","","Sub Heading","Text","0 - 500","0 - 99999"
"","2031","Comments","","","","Descriptive","AutoComplete","0 - 50000","0 - 0"
"","2032","Glucose (Fasting)","6-110","mg/dl","","Standard","Text","0 - 500","0 - 0"
"","2033","Glucose (1 Hour post Dose)","90-180","mg/dl","","Standard","Text","0 - 500","0 - 0"
"","2034","Glucose (2 Hour Post Dose)","60-160","mg/dl","","Standard","Text","0 - 500","0 - 0"
"","2035","Serum Phosphorus","Adults: 2.5 - 5.0Child:  4.0 - 7.0","mg/dl","","Standard","Decimal","1.5 - 20","0 - 10"
"","2036","FNAc Slide #:","","","","Descriptive","Text","0 - 500","0 - 99999"
"","2037","*","","","","Sub Heading","Text","0 - 500","0 - 99999"
"","2038","FNAC Report:","","","","Descriptive","Text","0 - 500","0 - 99999"
"","2039","Impression :","","","","Descriptive","Text","0 - 500","0 - 99999"
"","2040","Blood Urea Nitrogen (BUN)","4 - 23","mg/dl","","Standard","Decimal","0 - 999","4 - 23"
"","2041","Creatinine","Male: 0.7 - 1.2Female: 0.6 - 1.1","mg/dl","","Standard","Text","0 - 40","0.3 - 50"
"","2042","Serum Cholesterol","Ideal Range : Less than 200Borderline High : 201 - 239High : More Than 240","mg/dl","","Standard","Decimal","0 - 9999","150 - 240"
"","2043","Triglycerides","Ideal Range : Less than 200Borderline High : 201 - 399High : More Than 400","mg/dl","","Standard","Decimal","0 - 9999","100 - 400"
"","2044","HDL-Cholesterol","Ideal Range : More than 50Borderline High :  40 - 49High : Less Than 40","mg/dl","","Standard","Decimal","0 - 9999","40 - 999"
"","2045","LDL-Cholesterol","Normal: < 130Borderline: 130 - 159High: > 160","mg/dl","","Standard","Decimal","0 - 99999","80 - 160"
"","2046","Total Bilirubin","0.3 - 1.1","mg/dl","","Standard","Text","0 - 500","0.3 - 1.1"
"","2047","TB screening","","","","Descriptive","List","0 - 500","0 - 0"
"","2048","S.Typhi O","1:80 Significant Titer","","1:","Standard","Text","0 - 500","0 - 99999"
"","2049","S.Typhi H","1:80 Significant Titer","","1:","Standard","Text","0 - 500","0 - 99999"
"","2050","S.Paratyphi AH","1:80 Significant Titer","","1:","Standard","Text","0 - 500","0 - 99999"
"","2051","S.Paratyphi BH","1:80 Significant Titer","","1:","Standard","Text","0 - 500","0 - 99999"
"","2052","Typhidot IgG","","","","Descriptive","List","0 - 500","0 - 0"
"","2053","Typhidot IgM","","","","Descriptive","List","0 - 500","0 - 0"
"","2054","RA Factor","","","","Standard","List","0 - 500","0 - 0"
"","2055","eGFR","See Below","ml/min/1.73 m2","","Standard","Text","0 - 500","10 - 90"
"","2056","Dengue (IgG,IgM)","NEGATIVE","","","Standard","Text","0 - 500","0 - 99999"
"","2057","PT","12 - 16","Seconds","","Standard","Text","0 - 121","0 - 16"
"","2058","Epithelial Cells","2-3","","1-3","Standard","Text","0 - 500","0 - 99999"
"","2059","Creatinine","0.4-1.2","mg/dl","","Standard","Decimal","0 - 40","0.4 - 1.2"
"","2060","URIC ACID","FEMALES: 2.3 - 6.0MALES:   3.5 - 7.0","mg/dl","","Standard","Decimal","0 - 99","2.3 - 7"
"","2061","HDL Cholesterol","No Risk : > 60Moderate Risk: 40 - 60High Risk : < 40","mg/dl","","Standard","Decimal","0 - 400","40 - 60"
"","2062","Bilirubin Total","0.4 - 1.2","mg/dl","","Standard","Decimal","0 - 99","0.4 - 1.2"
"","2063","Alkaline Phosphatase","Adult : 80-306Child (0-10 year):80-640","U/L","","Standard","Decimal","0 - 5000","80 - 306"
"","2064","Bilirubin Total","0.2-1.2","mg/dl","","Standard","Decimal","0 - 250","0.2 - 1.2"
"","2065","Alkalaine Phosphatase","Adult : 80-306Chiild (0-10 year): 80 - 640","U/L","","Standard","Text","0 - 500","0 - 5000"
"","2066","Typhidot igG","Negative","-","","Descriptive","Text","0 - 500","0 - 0"
"","2067","Typhidot igM","Negative","-","","Descriptive","Text","0 - 500","0 - 0"
"","2068","CRP (High Sensitivity)","Less Than 6.0","mg/l","","Standard","Decimal","0 - 1000.6","0 - 6"
"","2069","TB screening IgM","Negative","","","Standard","List","0 - 500","0 - 0"
"","2070","TB screening IgG","Negative","","","Standard","List","0 - 500","0 - 0"
"","2071","PIVKA - II Level","See Below","mAU/mL","","Standard","Decimal","0 - 500","0 - 9999999"
"","2072","Total Volume","-","ml","","Descriptive","Decimal","0 - 500","0 - 99999"
"","2073","Mean Cell Hemoglobin (MCH","25 - 35","p/g","","Standard","Decimal","0 - 600","25 - 35"
"","2074","Hemoglobin (HB)","Female: 11 - 15Male:  11  - 17","g/dl","","Standard","Decimal","0 - 500","14 - 17"
"","2075","Patient Name","-","-","","Standard","Text","0 - 500","0 - 0"
"","2076","Blood Bag Expire Date","-","-","","Standard","Text","0 - 500","0 - 0"
"","2077","SGPT (ALT)","MEN:   10-20WOMEN: 10-30","U/L","","Standard","Decimal","0 - 9999","10 - 43"
"","2078","Specific Gravity","1.005-1.025","","1.015","Standard","Text","0 - 250","1 - 99999"
"","2079","Protein","NIL","-","NIL","Standard","Text","0 - 250","0 - 0"
"","2080","Nitrate","Negative","-","Negative","Standard","Text","0 - 250","0 - 0"
"","2081","Granular","NIL","","NIL","Standard","Text","0 - 500","0 - 99999"
"","2082","Calcium oxalate","NIL","","NIL","Standard","Text","0 - 500","0 - 99999"
"","2083","Amorphous","NIL","-","NIL","Standard","Text","0 - 250","0 - 0"
"","2084","Anti Mullerian Hormone (AMH)","Males:>2 Years 14-466>18 Years 0.73-16.05Females:18-25 Years 0.96 - 13.3426-30 Years 0.17 - 7.3731-35 Years 0.07 - 7.3536-40 Years 0.03 - 7.1541-45 Years 0.00 - 3.27=>46 Years 0.00 - 1.15","ng/mL","","Standard","Decimal","0 - 1398","0 - 100"
"","2085","PCO2","35.0 - 45.0","mmHg","","Standard","Decimal","0 - 999","35 - 45"
"","2086","PO2","80 - 105","mmHg","","Standard","Decimal","0 - 999","80 - 105"
"","2087","Lactate Level","0.5 - 1.7","mmol/L","","Standard","Decimal","0 - 69","0.5 - 1.7"
"","2088","PH","7.35 - 7.45","","","Standard","Decimal","0 - 99","7.35 - 7.45"
"","2089","Total Protein","Adult: 6.0 - 8.3ChildPre-matures: 3.4 - 5.0Newborns: 4.6 - 6.8Upto 1 Years: 6.0 - 8.0Above 1 Years: 4.8 - 7.6","g/dL","","Standard","Machine","0 - 999999","6 - 8.3"
"","2090","Prolactin","Males: 4.04 - 15.2Females:Not Pregnant 4.79 - 23.3","ng/ml","","Standard","Decimal","0 - 500","2.35 - 100"
"","2091","Reticulocyte Count","Adult: 0.50 - 2.5Newborn: 2.50 - 6.5","%","","Standard","Decimal","0 - 100","0.2 - 6"
"","2092","Total Calcium","99-110","mmol/L","Nil","Descriptive","Text","0 - 500","0 - 99999"
"","2093","GTT 75g Fasting","50 - 100","mg/dl","","Standard","Text","0 - 500","50 - 100"
"","2094","GTT 75g After 1Hrs","70 - 120","mg/dl","","Standard","Text","0 - 500","70 - 120"
"","2095","GTT 75g After 2hrs","90 - 160","mg/dl","","Standard","Text","0 - 500","90 - 160"
"","2096","LH","Male : 1.1 - 25.0Female:Follicular 1.2 - 12.5Ovulatory phase 12 - 82Luteal 0.4 - 19.0Post Menopausal 14 - 48","mIU/ml","","Standard","Decimal","0 - 1000","0 - 1000"
"","2097","TSH","0.30 - 4.60","µIU/mL","","Standard","Text","0 - 500","0 - 555"
"","2098","ProBNP (N-t) II","0.0 - 14.0","pmol/L","","Standard","Decimal","0 - 999","0 - 999"
"","2099","CRP","Less than 6.0","mg/l","","Standard","Text","0 - 500","0 - 6"
"","2100","HBsAg (Screening)","(See Below) Sensitivity and Specificity of ICT method is less then Elisa methodHence results ICT method should not be compared with ElisaThe facility of Elisa method is also available at this lab","","","Standard","List","0 - 500","0 - 0"
"","2101","L.D.H.","125 - 220","U/L","","Standard","Decimal","0 - 99999","124 - 221"
"","2102","Normal Spermatozoa",".","%","","Standard","Text","0 - 500","1 - 999"
"","2103","Abnormal Spermatozoa",".","%","","Standard","Text","0 - 500","1 - 999"
"","2104","Progressive Motile",".","%","","Standard","Text","0 - 500","5 - 999"
"","2105","Non-progressive Motile",".","%","","Standard","Decimal","0 - 999","5 - 50"
"","2106","Microscopic Examination",".","","","Sub Heading","Text","0 - 250","0 - 99999"
"","2107","R.A FACTOR (QUANTITATIVE)","0.0 - 15.0","IU/mL","","Standard","Decimal","0 - 999","0 - 15"
"","2108","Protein (Albumin) Spot Urine","Less Than 14","mg/dl","","Standard","Decimal","0 - 999","0 - 14"
"","2109","PROTEIN / CREATININE RATIO (SPOT URINE)","< 0.2","","","Standard","Text","0 - 500","0 - 99999"
"","2110","Hypochromia","-","%","","Standard","AutoComplete","0 - 500","0 - 0"
"","2111","Microcytosis","-","%","","Standard","Text","0 - 500","0 - 0"
"","2112","Anisocytosis","-","%","","Standard","Text","0 - 500","0 - 0"
"","2113","Poikilocytosis","-","%","","Standard","Text","0 - 500","0 - 0"
"","2114","Anti HCV (Screening)","(See Below) Sensitivity and Specificity of ICT method is less then Elisa methodHence results ICT method should not be compared with ElisaThe facility of Elisa method is also available at this lab","-","","Standard","Text","0 - 250","0 - 99999"
"","2115","SPECIMEN: Sputum","-","","","Descriptive","AutoComplete","0 - 500","0 - 0"
"","2116","ALPHA FETO-PROTEIN","Less than 10.0","ng/ml","","Standard","Decimal","0 - 99","0 - 10"
"","2117","Mycodot","Negative","-","","Standard","List","0 - 3.3","0 - 1.1"
"","2118","HDL CHOLESTEROL","Men:      Less than 40 mg/dl    Low. Increased risk of coronary heart disease.Woman: Less than 50 mg/dl    Low. Increased risk of coronary heart disease.60 mg/dL and above               High. Decreased risk of coronary heart disease.","mg/dl","","Standard","Decimal","0 - 999","0 - 60"
"","2119","LDL CHOLESTEROL","Less than 100 mg/dL    Optimal100 to 129 mg/dL       Near or above 130 to 159 mg/dL       Borderline High160 to 189 mg/dL     Hight190 mg/dL and above  Verry Hight","mg/dl","","Standard","Formula","0 - 999999","0 - 105"
"","2120","CHOLESTEROL / HDL CHOLESTEROL RATIO","Desirable: 3.5 to 5.0High: > 5.0","mg/dl","","Standard","Formula","0 - 999999","0 - 5"
"","2121","Alkaline Phosphatase","Adults : 80 - 285Child : Up to 645","U/L","","Standard","Decimal","0 - 5000","83 - 285"
"","2122","Total Protein","Adult: 6.0 - 8.0ChildPre-matures: 3.4 - 5.0Newborns: 4.6 - 6.8Upto 1 Years: 6.0 - 8.0Above 1 Years: 4.8 - 7.6","g/dL","","Standard","Decimal","0 - 99","5 - 8"
"","2123","Albumin","3.5 - 5.1","g/dL","","Standard","Decimal","0 - 99","3.5 - 5.5"
"","2124","Globulin","1.8 - 3.4","g/dl","","Standard","Formula","0 - 999999","1.8 - 3.4"
"","2125","A/G Ratio","1.1 - 2.4","","","Standard","Formula","0 - 999","1.1 - 2.4"
"","2126","T3","56 - 188","ng/mL","","Standard","Decimal","0 - 999","56 - 188"
"","2127","T4","4.58 - 11.88","nmol/L","","Standard","Decimal","0 - 459","4.58 - 11.88"
"","2128","HBsAg Patient's index value","Negative <0.9Border Line 0.9 - 9.9Positive >9.9","","","Standard","Text","0 - 500","0 - 99999"
"","2129","Volume","","","ml","Standard","Text","0 - 250","0 - 99999"
"","2130","Appearance","","","","Standard","List","0 - 250","0 - 99999"
"","2131","Coagulum","","","","Standard","List","0 - 500","0 - 10000"
"","2132","Xanthochromia","","","","Standard","List","0 - 500","0 - 1000"
"","2133","CSF Protein","15-60 mg/dL","mg/dl","mg/dl","Standard","Decimal","0 - 999","15 - 60"
"","2134","CSF Glucose","50-80 mg/dl","mg/dl","mg/dl","Standard","Decimal","0 - 999","50 - 80"
"","2135","Total Cell Count","","","/cmm","Standard","Text","0 - 500","0 - 99999"
"","2136","WBCs","","","/cmm","Standard","Text","0 - 500","0 - 99999"
"","2137","RBCs","","","/cmm","Standard","Text","0 - 500","0 - 99999"
"","2138","Neut","","","%","Standard","Text","0 - 500","0 - 99999"
"","2139","Lymph","","","%","Standard","Text","0 - 500","0 - 99999"
"","2140","Gram Stain","","","","Standard","List","0 - 500","0 - 500"
"","2141","ZN Stain","","","","Standard","List","0 - 500","0 - 0"
"","2142","Rubella IgG","Negative","","","Standard","Text","0 - 500","0 - 99999"
"","2143","Rubella IgM","Negative","","","Standard","Text","0 - 500","0 - 99999"
"","2144","CMV IgG (Cytomegalovirus)","Negative","","","Standard","Text","0 - 500","0 - 99999"
"","2145","CMV IgM (Cytomegalovirus)","Negative","","","Standard","Text","0 - 500","0 - 99999"
"","2146","Herpes IgG","Negative","","","Standard","Text","0 - 500","0 - 99999"
"","2147","Herpes IgM","Negative","","","Standard","Text","0 - 500","0 - 99999"
"","2148","Anti HCV Patient's index value","Negative: < 0.9Borderline: 0.9 to 9.9Positive: > 9.9","S/CO","","Standard","Decimal","0 - 999","0 - 1"
"","2149","PH","7.2 - 8.0","","","Standard","List","0 - 250","0 - 15"
"","2150","Sperm Concentration","> 20 Million","million/ml","million/ml","Standard","Text","0 - 500","0 - 500"
"","2151","Troponin-I","<0.4","ng/mL","","Standard","Text","0 - 250","0 - 0.4"
"","2152","FOOT X RAY AP LAT","-","","","Descriptive","AutoComplete","0 - 500","0 - 0"
"","2153","USG abdomen","no normal value","mg/dl","","Descriptive","Text","0 - 500","0 - 0"
"","2154","USG-Pelvis","no normal value","mg/dl","","Descriptive","Text","0 - 500","0 - 0"
"","2155","Color Doppler Obstetrics","","","","Descriptive","Text","0 - 500","0 - 99999"
"","2156","TVS","","","","Descriptive","Text","0 - 500","0 - 99999"
"","2157","DVT","","","","Descriptive","Text","0 - 500","0 - 99999"
"","2158","USG-Neck/Thyriod","","","","Descriptive","Text","0 - 500","0 - 99999"
"","2159","USG-Breast/Lump","","","","Descriptive","Text","0 - 500","0 - 99999"
"","2160","Carotid Doppler","","","","Descriptive","Text","0 - 500","0 - 99999"
"","2161","USG-KUB","","","","Descriptive","Text","0 - 500","0 - 99999"
"","2162","USG","","","","Descriptive","Text","0 - 500","0 - 99999"
"","2163","USG-Soft Tissue","","","","Descriptive","Text","0 - 500","0 - 99999"
"","2164","ETT","","","","Descriptive","Text","0 - 500","0 - 99999"
"","2165","Testosterone","Males: 175 - 780Females: 10 - 75","ng/dL","","Standard","Decimal","0 - 99999","0 - 1000"
"","2166","T4","0 - 5 days:5.0 - 18.56 days - 2 months:5.4 - 173 months - 11 months:5.7 - 161 year - 5 years:6.0 - 14.76 years - 10 years:6.0 - 13.8>10 years:6.09 - 12.23","ug/dL","","Standard","Decimal","0 - 50","0 - 111"
"","2167","APTT","28 - 32","Seconds","","Standard","Text","21 - 500","22 - 35"
"","2168","Eosinophil, Absolute","0.02 - 0.50","*10^9/l","","Standard","Formula","0 - 999999","0 - 0"
"","2169","Neutrophil, Absolute","2.0 - 7.0","*10^9/l","","Standard","Decimal","0 - 999","0 - 0"
"","2170","Monocyte, Absolute","0.12 - 1.20","*10^9/l","","Standard","Formula","0 - 999999","0 - 0"
"","2171","CRP (High Sensitivity)","0.0 - 6.0","mg/L","","Standard","Decimal","0 - 100","0 - 0"
"","2172","Prolactin","Male: 4.04 - 15.2Female:(Not Pregnant) 4.79 - 23.3","ng/ml","","Standard","Decimal","0 - 100","2.35 - 100"
"","2173","T3","1.20 - 3.17","nmol/L","","Standard","Text","0 - 500","1 - 5"
"","2174","T4","61.53 - 168.7","nmol/L","","Standard","Text","0 - 500","55 - 200"
"","2175","T3","1.067 - 4.788","nmol/l","","Standard","Text","0 - 500","1 - 5.09"
"","2176","TSH","0.38 - 5.33","µIU/mL","","Standard","Text","0 - 500","0 - 555"
"","2177","TSH","0.25 - 4.50","µIU/mL","","Standard","Text","0 - 110","0 - 6"
"","2178","Anti Cardiolipin IgG","Negative: < 10.0Positive: > 10.0","U/ml","","Standard","Text","0 - 60","0 - 100"
"","2179","Albumin (Spot Urine)","","mg/L","","Standard","Decimal","0 - 105","0 - 999"
"","2180","Creatinine (Spot Urine)","","mg/dl","","Standard","Decimal","0 - 498","0 - 999"
"","2181","Blood","Negative","","Negative","Standard","List","0 - 250","0 - 0"
"","2182","C-Reactive Protein (CRP)","0 - 6.0","mg/L","","Standard","Decimal","0 - 5000","0 - 15"
"","2183","V.L.D.L","Normal: < 30Borderline High: 30 to 40","mg/dl","","Standard","Formula","0 - 120","0 - 500"
"","2184","Serum Iron","Adults: 60 - 180Child:  50 - 120","µg/dL","","Standard","Decimal","0 - 499","0 - 499"
"","2185","After intake of Glucose","","g","75","Standard","Integer","0 - 100","0 - 0"
"","2186","Blood Sugar - 2HRS","upto 180","mg/dl","","Standard","Integer","0 - 1000","60 - 180"
"","2187","Malarial Parasite PF","","","Negative","Descriptive","List","0 - 500","1 - 1"
"","2188","-","","","","Standard","Text","0 - 500","0 - 99999"
"","2189","Salmonella Para Typhi Antigen (Serum)","","","Negative","Descriptive","Text","0 - 500","0 - 99999"
"","2190","Salmonella Typhi Antigen (Serum)","","","Negative","Descriptive","Text","0 - 500","0 - 99999"
"","2191","Platelets's Morphology","","","","Descriptive","Text","0 - 500","0 - 99999"
"","2192","Blood Urea Nitrogen (BUN)","8 - 22","mg/dl","","Standard","Formula","0 - 999999","8 - 22"
"","2193","INR","0.8 - 1.1","Ratio","","Standard","Formula","0 - 999999","0.8 - 1.1"
"","2194","C-Peptide level","0.92 - 3.73","ng/ml","","Standard","Decimal","0 - 99","0 - 99"
"","2195","urine C/E","","mg/dl","","Standard","Text","0 - 500","0 - 0"
"","2196","Blood C/E (Complete, CBC)","-","-","","Standard","Text","0 - 500","0 - 0"
"","2197","Eosinophil, Absolute","0.02 - 0.50","*10^9/l","","Standard","Formula","0 - 999999","0.02 - 0.5"
"","2198","Monocyte, Absolute","0.12 - 1.20","*10^9/l","","Standard","Formula","0 - 999999","0.12 - 1.2"
"","2199","Eosinophil, Absolute","0.02 - 0.50","*10^9/l","","Standard","Formula","0 - 999999","0.02 - 0.5"
"","2200","Leucocytes","","","Negative","Standard","List","0 - 500","0 - 0"
"","2201","Plasmodium vivax","","","","Descriptive","Text","0 - 500","0 - 99999"
"","2202","Plasmodium falciparum","","","","Descriptive","Text","0 - 500","0 - 99999"
"","2203","Glomerular Filteration Rate (GFR)","(See Below)                         Stage 1                          GFR equal to or more than 90may be slight renal damage with normal or increased GFR   Stage 2       GFR 60-89 mild decrease in renal function Stage 3       GFR 30-59  moderate decrease in renal functionStage 4        GFR 15-29 severe decrease in renal functionStage 5       GFR less than 15, consider dialysis or renal transplant","mL/Min/1.73m^2","","Standard","Decimal","0 - 500","0 - 500"
"","2204","TB screening","","","","Standard","List","0 - 500","0 - 0"
"","2205","viscosity","","","","Standard","Text","0 - 500","0 - 99999"
"","2206","Odors","","","","Standard","Text","0 - 500","0 - 99999"
"","2207","Normal","","%","%","Standard","Text","0 - 500","0 - 100"
"","2208","Midpiece defect","","%","%","Standard","Text","0 - 500","0 - 100"
"","2209","T4","5.2-12.7","ug/dL","","Standard","Text","0 - 500","0 - 111"
"","2210","T3","0.69-2.15","ng/mL","","Standard","Decimal","0 - 999","0 - 111"
"","2211","SEMAN ANALYSIS","","","","Sub Heading","Text","0 - 500","0 - 99999"
"","2212","Liquification","","Min","","Standard","Text","0 - 250","0 - 99999"
"","2213","Volume","","ml","","Standard","Text","0 - 250","0 - 99999"
"","2214","Active","","%","%","Standard","Text","0 - 500","0 - 9999"
"","2215","Dead","","%","%","Standard","Text","0 - 500","0 - 9999"
"","2216","Pus Cells","","/HPF","","Standard","Text","0 - 250","0 - 9999"
"","2217","Red Blood Cells","","/HPF","","Standard","Text","0 - 500","0 - 0"
"","2218","Epithelial Cells","-","/HPF","","Standard","Text","0 - 500","0 - 99999"
"","2219","Total Sperm Count","40 - 100","million/ml","","Standard","Text","0 - 500","40 - 100"
"","2220","R.A. Factor","","","","Standard","List","0 - 500","0 - 30"
"","2221","Testosterone","Males:220 - 1050Female:10 - 100","ng/dL","","Standard","Decimal","0 - 9999","0 - 9999"
"","2222","C.P.K","24 - 195","U/L","","Standard","Decimal","0 - 999","0 - 999"
"","2223","LDL CHOLESTEROL/HDL CHOLESTEROL RATIO","Risk                                              MenVery low (1/2 average)                    1Average risk                                   3.6Moderate risk (2x average)             6.3","","","Standard","Formula","0 - 999999","0 - 6.3"
"","2224","Alpha Feto-Protein","< 6.0","ng/ml","","Standard","Decimal","0 - 999","0 - 999"
"","2225","Anti Mullerian Hormone (AMH)","Males: 0.834 - 13.25Females:20 - 24: 1.135 - 11.4625 - 29: 0.775 - 9.75230 - 34: 0.335 - 7.83435 - 39: 0.133 - 6.65340 - 44: 0.027 - 5.26745 - 50: 0.02 - 2.824","ng/mL","","Standard","Decimal","0 - 1398","0 - 100"
"","2226","RA Factor","","IU/ml","","Standard","Decimal","0 - 9999","0 - 40"
"","2227","Malarial Parasite PV","","","Negative","Descriptive","List","0 - 500","0 - 0"
"","2228","Calcium","8.5 - 10.5","mg/dl","","Standard","Decimal","0 - 30.9","8.5 - 10.5"
"","2229","Protein (Spot Urine)","< 12","mg/dl","","Standard","Decimal","0 - 105","0 - 35"
"","2230","Creatinine (Spot Urine)","30-220","mg/dl","","Standard","Decimal","0 - 498","30 - 220"
"","2231","Bleeding Time (BT)","3 - 7","Min./Sec.","","Standard","Decimal","0 - 99","3 - 7"
"","2232","Clotting Time (CT)","5 - 11","Min./Sec.","","Standard","Decimal","0 - 99","5 - 11"
"","2233","Concentration:","15-200 millions per ml","ml","","Standard","Decimal","0 - 999","15 - 200"
"","2234","CK-MB","5-25","u/l","","Standard","Text","0 - 500","0 - 9999"
"","2235","Fluid Albumin","","","g/dl","Descriptive","Text","0 - 500","0 - 99999"
"","2236","SAAG/SEAG","","","","Descriptive","Text","0 - 500","0 - 99999"
"","2237","LH","Male: 1.24 - 8.62Female:Mid Follicular Phase :2.12 - 10.89Mud Cycle Peak : 19.18 - 103.03Luteal Phase: 1.20 - 12.86Post-menopausal: 10.87 - 58.64","mIU/ml","","Standard","Decimal","0 - 270","0.9 - 90"
"","2238","SERUM BICARBONATE","22 - 32","mEq/L","","Standard","Decimal","0 - 999","22 - 32"
"","2239","Neck & Midpiece Defects","","%","%","Standard","Text","0 - 500","0 - 99999"
"","2240","Anti Thrombin lll Plasma","85.00 - 122.00","%","","Standard","Text","0 - 500","0 - 300"
"","2241","Serum Ferritin","Men : 24 - 336Women : 11 - 307","ng/ml","","Standard","Text","0 - 500","0 - 1000"
"","2242","Prolactin","Males: 2.64 - 13.13FemalesPre-menopausal: 3.34 - 26.72Post-Menopausal: 2.74-19.64","ng/ml","","Standard","Decimal","0 - 250","0 - 500"
"","2243","Phosphate Spot Urine","20.00   -   62.00","mg/dl","","Standard","Decimal","0 - 3900","400 - 1300"
"","2244","Absolute Reticulocyte Count","0.5-1.0 x 10^12/L","10^12/l","","Standard","Decimal","0 - 999","0.5 - 1"
"","2245","Reticulocyte Indes","Reticulocyte index <2 indicates hypoproliferationReticulocyte index =2 indicates adequate response","","","Standard","Decimal","0 - 999","2 - 10"
"","2246","Serum RA Factor (Quantitative)","< 14.0","IU/ml","","Standard","Text","0 - 500","0 - 500"
"","2247","Total Calcium","2.1-2.7","mmol/L","","Standard","Decimal","0 - 999","0 - 0"
"","2248","Non-Ionized Calcium","1.05-1.35","mmol/L","","Standard","Decimal","0 - 999","0 - 0"
"","2249","Ionized Calcium","1.05-1.35","mmol/L","","Standard","Decimal","0 - 999","0 - 0"
"","2250","Urine for Dysmorphic RBCs","","","","Descriptive","Text","0 - 500","0 - 99999"
"","2251","Growth Hormone (GH)","0- 10 Years: 0.12 - 7.7911 - 17 Years: 0.123 - 8.0518 Years and older:0.126 - 9.88","ng/ml","","Standard","Decimal","0 - 500","0 - 500"
"","2252","Sickle Cell Screen","","","","Descriptive","Text","0 - 500","0 - 99999"
"","2253","Cortisol PM","Less than 10","ug/dl","","Standard","Decimal","0 - 500","0 - 500"
"","2254","Ionized Calcium","4.4 - 6.0","mg/dl","","Standard","Decimal","0 - 16.5","0 - 50"
"","2255","Bile Acid","0.0   -   1.0.0","Umol/L","","Standard","Text","0 - 500","0 - 0"
"","2256","CREATININE CLEARANCE","50-150","ml/min","","Standard","Decimal","0 - 500","50 - 150"
"","2257","SERUM CREATININE","MALE: 0.7 - 1.3FEMALE: 0.6 - 1.1CHILDRENNeonate: 0.5 - 1.2Infant: 0.4 - 0.7Child: 0.5 - 1.2","mg/dl","","Standard","Text","0 - 500","0 - 99999"
"","2258","Epithelial Cells","Nil","","Nil","Descriptive","Text","0 - 500","0 - 99999"
"","2259","Bacteria","Nil","","Nil","Descriptive","Text","0 - 250","0 - 99999"
"","2260","Yeast Cells","Nil","","Nil","Descriptive","Text","0 - 250","0 - 99999"
"","2261","Creatinine (Spot Urine)","40-27829-226","mg/dl","","Standard","Decimal","0 - 498","60 - 166"
"","2262","Glomerular Filteration Rate (GFR)","(See below) Stage 1                          GFR equal to or more than 90may be slight renal damage with normal or increased GFR   Stage 2       GFR 60-89 mild decrease in renal function Stage 3       GFR 30-59  moderate decrease in renal functionStage 4        GFR 15-29 severe decrease in renal functionStage 5       GFR less than 15, consider dialysis or renal transplant","mL/Min/1.73m^2","","Standard","Decimal","0 - 500","0 - 500"
"","2263","ANA Screen IgG","Negative","","","Standard","Text","0 - 250","0 - 99999"
"","2264","Albumin (Spot Urine)","Negative","mg/dl","","Standard","Text","0 - 500","0 - 999"
"","2265","C.P.K","Men : 24 - 190Women : 24 - 173","U/L","","Standard","Decimal","0 - 99999","0 - 200"
"","2266","Lymphocytes","20 - 25","%","","Standard","Decimal","0 - 100","20 - 25"
"","2267","PH","7 - 7.5","","","Standard","Text","0 - 250","0 - 99999"
"","2268","LH","Male: 1.7 - 8.6WomenFollicular Phase: 2.4 - 12.6Ovulation Phase: 14.0 - 95.6Luteal Phase: 1.0 - 11.4Post-Menopausal: 7.7 - 58.5","mIU/ml","","Standard","Decimal","0 - 270","0.9 - 90"
"","2269","FSH","Male: 1.5 - 12.5WomenFollicular Phase: 3.5 - 12.5Ovulation Phase: 4.7 - 21.5Luteal Phase: 1.7 - 7.7Postmenopausal: 25.8 - 134.8","mIU/ml","","Standard","Decimal","0 - 453","1.3 - 151"
"","2270","MycoDot (IgG) Result","Negative","-","","Standard","List","0 - 3.3","0 - 9999"
"","2271","MycoDot (IgM) Result","Negative","-","","Standard","List","0 - 3.6","0 - 1.2"
"","2272","APTT","29- 36","Seconds","","Standard","Text","21 - 500","22 - 500"
"","2273","APTT Control","","Seconds","","Standard","Text","0 - 500","0 - 0"
"","2274","HBsAg (Screening)","Negative","","","Standard","List","0 - 500","0 - 0"
"","2275","F.D.P's (D-DIMER)","Less Than 0.5","ug/ml","","Standard","Decimal","0 - 99","0 - 0.5"
"","2276","TPHA (Screening)","Negative","","","Standard","List","0 - 3.3","0 - 0"
"","2277","Remarks","","","","Standard","List","0 - 250","0 - 10000"
"","2278","Bilirubin Total","Adult: 0.2 - 1.2Child > 1 Month 0.2 - 1.2Newborns, premature:24 Hours:    < 8.82nd Day:    1.3 - 11.33rd Day:    0.7 - 12.74th-6th Day:0.1 - 12.6","mg/dl","","Standard","Decimal","0 - 40","0.2 - 1.2"
"","2279","Indirect Bilirubin","0.1 - 0.3","mg/dl","","Standard","Formula","0 - 500","0.1 - 0.3"
"","2280","PT","10 - 14","Seconds","","Standard","Decimal","0 - 999","10 - 14"
"","2281","INR","0.83 - 1.16","","","Standard","Formula","0 - 999999","0.83 - 1.16"
"","2282","Malarial Parasite (MP)","Negative","","","Standard","Text","0 - 250","0 - 99999"
"","2283","Protein (Albumin) Spot Urine","Less Than 35","mg/dl","","Standard","Decimal","0 - 239","0 - 25"
"","2284","Eosinophil Count","0.04-0.40","10^9/l","","Descriptive","Decimal","0 - 999","0.04 - 0.4"
"","2285","PH AND REDUCING SUBSTANCE:","","","","Sub Heading","Text","0 - 500","0 - 99999"
"","2286","Phosphate Spot Urine","0.3-1.5","g/l","","Standard","Decimal","0 - 3900","400 - 1300"
"","2287","ANTI ds DNA IgM","INTERPRETATION OF RESULT:Negative <35.0 Iu/mlEquivocal 35.0 - 46.0 Iu/mlPositive >46.0 Iu/ml","","","Standard","Text","0 - 500","0 - 99999"
"","2288","Cholesterol","140 - 200","mg/dl","","Standard","Decimal","0 - 999","140 - 200"
"","2289","Insulin (Fasting)","3-28","µIU/ml","","Standard","Decimal","0 - 1000","3 - 28"
"","2290","Anti Helicobacter Pylori Screening","Negative","","","Standard","List","0 - 500","0 - 0"
"","2291","Mantoux","Negative","","","Standard","Text","0 - 500","0 - 99999"
"","2292","RPR (VDRL)","NEGATIVE","","","Standard","List","0 - 500","0 - 0"
"","2293","ANTI-NUCLEAR ANTIBODY A.N.A.","Negative= < 1.0Borderline= 1.0 - 1.2Positive= > 1.2","","","Standard","Text","0 - 500","0 - 99999"
"","2294","TYPHIDOT IgM BY ELISA","Negative: < 0.9Borderline: 0.9 to 1.1Positive: > 1.1","","","Standard","Decimal","0 - 999","0 - 1.1"
"","2295","TYPHIDOT IgM BY ELISA Result","Negative","","","Standard","List","0 - 500","0 - 0"
"","2296","TYPHIDOT IgG BY ELISA","Negative: < 0.9Borderline: 0.9 to 1.1Positive: > 1.1","","","Standard","Decimal","0 - 5","0 - 1.1"
"","2297","TYPHIDOT IgG BY ELISA Result","Negative","","","Standard","List","0 - 500","0 - 0"
"","2298","Typhidot IgG","Negative","","","Standard","List","0 - 500","0 - 0"
"","2299","Typhidot IgM","Negative","","","Standard","List","0 - 500","0 - 0"
"","2300","RPR (VDRL) Elisa","Negative","","","Standard","Text","0 - 500","0 - 99999"
"","2301","Creatinine","Male: 0.6 - 1.1Female: 0.6 - 0.9Child1 Day: 0.6 - 1.23 Months: 0.2 - 0.41 Year: 0.3 - 0.72-12 Years: 0.35 - 1.0","mg/dl","","Standard","Decimal","0 - 40","0.6 - 1.1"
"","2302","Amylase","Less Than 220","U/L","","Standard","Decimal","0 - 9999","0 - 220"
"","2303","RIGHT SIDE BREAST MILK","","","","Sub Heading","Text","0 - 500","0 - 99999"
"","2304","RIGHT SIDE:","","","","Standard","Text","0 - 500","0 - 99999"
"","2305","LEFT SIDE BREAST MILK","","","","Sub Heading","Text","0 - 500","0 - 99999"
"","2306","LEFT SIDE:","","","","Standard","Text","0 - 500","0 - 99999"
"","2307","BREAST MILK FOR C/E REMARKS:","","","","Standard","Text","0 - 500","0 - 99999"
"","2308","Urine Protein","NIL","","","Standard","Text","0 - 500","0 - 99999"
"","2309","ANTI TISSUE TRANSGLUTAMINASE (IgG)","Normal ( Negative ) range  < 10 U/mlPositive range		 > 10 U/ml","u/ml","","Standard","Text","0 - 500","0 - 0"
"","2310","ANTI HEV IgM:","-","","","Descriptive","Text","0 - 500","0 - 99999"
"","2311","InsuliN","Fastig 3.0 - 282 hours after Meal : 22.0 - 79.0pro-Insulin : 0.3 - 3.8","uIU/ml","","Standard","Decimal","0 - 27","0 - 9999999"
"","2312","Blood Alcohol Level","Negative: < 10.0Positive: > 10.0","mg/dl","","Standard","Text","0 - 500","0 - 0"
"","2313","*","-","","","Descriptive","Text","0 - 500","0 - 99999"
"","2314","MycoDot (IgG)","Negative","-","","Standard","List","0 - 3.3","0 - 1.1"
"","2315","MycoDot (IgM)","Negative","-","","Standard","List","0 - 3.3","0 - 1.1"
"","2316","URIC ACID","FEMALES: 2.3 - 6.1MALES:   3.5 - 7.2","mg/dl","","Standard","Decimal","0 - 99","2.3 - 7.2"
"","2317","URINE FOR BICARBONATE","","","","Standard","Text","0 - 500","0 - 99999"
"","2318","URINE FOR BILIRUBIN","","","","Standard","Text","0 - 500","0 - 99999"
"","2319","Bile Acid","0 - 10","umol/L","","Standard","Decimal","0 - 999","0 - 10"
"","2320","TPHA","Non-Reactive: < 0.9Borderline: 0.9 to 1.1Reactive: > 1.1","","","Standard","Decimal","0 - 20.0","0 - 1.1"
"","2321","TPHA Result","Non-Reactive","","","Standard","List","0 - 3.3","0 - 9999"
"","2322","COVID-19 Antigen","Negative","","","Standard","Text","0 - 18","0 - 99999"
"","2323","Alkaline Phosphatase","Male 20-50 Years: 53 - 306Male >60 Years: 56 - 272Child (0-12 Year) : 80 - 550Female 20-50 Years: 42 - 298Female >60 Years: 53 - 272Teen Age 12-20 Years: < 410","U/L","","Standard","Decimal","0 - 5000","53 - 306"
"","2324","Covid-19 PCR RNA","","","","Standard","Text","0 - 500","0 - 99999"
"","2325","Anti H Pylori Antibodies","Negative","","","Standard","Text","0 - 500","0 - 99999"
"","2326","Urine Sugar","Negative","","","Standard","Text","0 - 250","0 - 99999"
"","2327","Brucella Abortus","Negative","","","Standard","Text","0 - 500","0 - 99999"
"","2328","Brucella IgM","Negative","","","Standard","Text","0 - 500","0 - 99999"
"","2329","Dengue Virus (IgG)","Negative","","","Standard","Text","0 - 100","0 - 99999"
"","2330","Glucose 6 Phosphate Dehydrogenase (G6PD)","<60 min","","","Standard","Text","0 - 500","10 - 99999"
"","2331","Serum Potassium","3.4 - 5.2","mmol/L","","Standard","Decimal","1.0 - 10.0","3.4 - 5.2"
"","2332","Direct Bilirubin","0.0 - 0.3","mg/dl","","Standard","Decimal","0 - 999","0 - 0.5"
"","2333","Indirect Bilirubin","0.1 - 0.7","mg/dl","","Standard","Formula","0 - 999999","0 - 0.7"
"","2334","Malarial Parasite (Thick & Thin)","Not Seen","","","Standard","Text","0 - 500","0 - 99999"
"","2335","Malarial Parasite (Thick & Thin)","","","","Standard","Text","0 - 500","0 - 99999"
"","2336","OGTT 75g Fasting","","mg/dl","","Descriptive","Text","0 - 500","50 - 1000"
"","2337","OGTT 75g After 1Hrs","","mg/dl","","Descriptive","Text","0 - 500","70 - 1000"
"","2338","OGTT 75g After 2hrs","","mg/dl","","Descriptive","Text","0 - 500","90 - 1000"
"","2339","Uric Acid","female 2.6 > 6.0Male 3.5 . 7.2","mg/dl","","Standard","Text","0 - 500","2.6 - 7.2"
"","2340","BUN/Creatinine Ratio","4 - 20","","","Standard","Decimal","0 - 60","5 - 20"
"","2341","Immature Forms/Cells","","%","%","Standard","Text","0 - 500","0 - 50"
"","2342","OBTAINED BY","","","","Standard","Text","0 - 500","0 - 99999"
"","2343","GAPE","","DAYS","","Standard","Text","0 - 500","0 - 15"
"","2344","Neutrophils","A: 55 - 70, C:20 - 45","%","","Standard","Decimal","0 - 100","40 - 75"
"","2345","Lymphocytes","A: 25 - 40, C: 45- 70","%","","Standard","Decimal","0 - 100","20 - 50"
"","2346","Monocytes","A: 01 - 05, C: 02 - 10","%","","Standard","Decimal","0 - 100","2 - 10"
"","2347","Eosinophil","A: 01 - 05, C: 02-07","%","","Standard","Decimal","0 - 100","1 - 7"
"","2348","ESR","2-18","mm/1st hr","","Standard","Decimal","0 - 200","2 - 18"
"","2349","Reticulocyte Count","0.5-2.0","%","","Standard","Decimal","0 - 100","2 - 5"
"","2350","Fibrinogen Level","","ng/ml","","Standard","Decimal","0 - 1500","0 - 500"
"","2351","TB screening","Negative","","","Standard","List","0 - 500","0 - 0"
"","2352","TROPONIN-T","Less than 0.10","ng/ml","","Standard","Text","0 - 500","0 - 0"
"","2353","C-Reactive Protein (CRP)","Negative","-","","Standard","Text","0 - 500","0 - 6"
"","2354","Beginning of Hemolysis","","","","Sub Heading","Text","0 - 500","0 - 99999"
"","2355","Control Value(Saline)","","%","","Standard","Text","0 - 499","0 - 100"
"","2356","Paitent value(Saline)","","%","","Standard","Text","0 - 500","0 - 100"
"","2357","Completion of Hemolysis","","","","Sub Heading","Text","0 - 500","0 - 99999"
"","2358","Control Value(Saline).","","%","","Standard","Text","0 - 500","0 - 100"
"","2359","Paitent value(Saline).","","%","","Standard","Text","0 - 500","0 - 100"
"","2360","Osmotic Fragility Test Remarks","","","","Descriptive","Text","0 - 500","0 - 99999"
"","2361","Stool for H. Pylori Antigen","Negative: < 5.0Positive: > < 5.1","ng/ml","","Standard","Decimal","0 - 5.1","0 - 5"
"","2362","T3","1.3 - 3.10","ng/mL","","Standard","Decimal","0 - 5.64","1.3 - 3.1"
"","2363","HCT (PCV)","40.0 - 52.0","%","","Standard","Decimal","0 - 100","40 - 52"
"","2364","Globulins","1.8 - 3.4","g/dl","","Standard","Formula","0 - 999999","1.8 - 3.4"
"","2365","A/G Ratio","1.1 - 2.4","","","Standard","Formula","0 - 999","1.1 - 2.4"
"","2366","Obtained By","","","","Descriptive","Text","0 - 500","0 - 99999"
"","2367","Gape","05 days","days","days","Standard","Text","0 - 500","0 - 0"
"","2368","TSH","Adult: 0.100 - 4.00Child: 0.100 - 7.00","µIU/mL","","Standard","Decimal","0 - 100","1 - 7"
"","2369","Leuk(c)ocytes","Negative","","","Standard","List","0 - 500","0 - 0"
"","2370","ACTH (Adrenocorticotropic Hormone)","6.0 - 48.0","pg/ml","","Standard","Decimal","0 - 173.4","6 - 38.8"
"","2371","FSH","Males: 1.27 - 19.26Females:Mid Follicular Phase: 3.85 - 8.78Mid Cyclic Phase: 4.54 - 22.51Mid Luteal Phase: 1.79 - 5.12Post-menopausal: 16.74 - 113.59","mIU/ml","","Standard","Decimal","0 - 453","0 - 500"
"","2372","Hepatitis B ""e"" Antigen","Non-Reactive :<15Reactive  : >= 15","index/mL","","Standard","Text","0 - 500","0 - 999"
"","2373","Nature of Product","","","","Standard","Text","0 - 500","0 - 99999"
"","2374","TSH","0.38-5.33","µIU/mL","","Standard","Text","0 - 500","0 - 99"
"","2375","Salmonella Typhi Antigen (Stool)","","","","Descriptive","Text","0 - 500","0 - 99999"
"","2376","Salmonella Para Typhi Antigen (Stool)","","","","Descriptive","Text","0 - 500","0 - 99999"
"","2377","ANTI CARDIOLIPIN (IGM)","Reference ranges:Negative: < 10.0 U/mlPositive :         > 10.0    U/ml","U/ml","","Standard","Text","0 - 250","0 - 99999"
"","2378","ANTI CARDIOLIPIN (IgG)","Reference ranges:Negative: < 10.0 Positive :        >  10.0","U/ml","","Standard","Text","0 - 250","0 - 99999"
"","2379","BUN/Creatinine Ratio","5-20","","","Standard","Text","0 - 500","0 - 99999"
"","2380","Creatinine (24 hrs urine)","0.5-1.5","G/24 hrs","","Standard","Text","0 - 500","0 - 99999"
"","2381","SPECIMEN:","-","","","Descriptive","Text","0 - 500","0 - 99999"
"","2382","L.D.H (CSF)","20 - 45","","","Standard","Decimal","0 - 99999","20 - 45"
"","2383","Oxalate (24 Hours Urine)","0.0 - 40.0","mg/24 hrs","","Standard","Text","0 - 500","0 - 40"
"","2384","RBC'S MORPHOLOGY","-","","","Descriptive","Text","0 - 500","0 - 99999"
"","2385","PLATELETS","-","","","Descriptive","Text","0 - 500","0 - 99999"
"","2386","pH (Urine)","-","","","Descriptive","Text","0 - 500","0 - 99999"
"","2387","FOLIC ACID (FOLATE LEVEL)","3.0 - 20.0","ng/mL","","Standard","Text","0 - 500","0 - 99999"
"","2388","ANTI CCP ANTIBODY","0.0  -  45.0","U/mL","","Standard","Text","0 - 500","0 - 99999"
"","2389","ANTI TISSUE TRANSGLUTAMINASE IgA","Negative < 10.0Positive >10.0","U/ml","","Standard","Text","0 - 500","0 - 99999"
"","2390","ANTI TISSUE TRANSGLUTAMINASE IgG","NEGATIVE <10.0 POSITIVE >10.0","U/mL","","Standard","Text","0 - 500","0 - 99999"
"","2391","Stool for Calprotectin","Normal: <50Slightly Elevated: 50 - 200Significantly Elevated: >200","ug/g","","Standard","Text","0 - 500","0 - 99999"
"","2392","Stool for Clostridium-Difficile Toxin","Negative: <0.90Equivocal: 0.9 - 1.1Positive: >1.10","-","","Descriptive","Text","0 - 500","0 - 99999"
"","2393","PUS FOR GRAM STAIN","-","","","Descriptive","Text","0 - 250","0 - 99999"
"","2394","GROWTH HORMONE","See Below","ng/ml","","Standard","Text","0 - 500","0 - 99999"
"","2395","Parathyroid hormone (PTH)","upto 20 years ; 9.0  - 52.0Adults        ; 10.0 - 69.0","pg/mL","","Standard","Text","0 - 500","0 - 99999"
"","2396","Adenosine Deaminase (ADA)","Serum < 15.0CSF   < 5.0Fluid < 24.0","U/L","","Standard","Text","0 - 500","0 - 99999"
"","2397","NOTE","Note:ADA is an enzyme that is widely distributed in human tissues, including T lymphocytes. Elevated serumADA activity has been observed in patients with acute hepatitis, alcoholic hepatic fibrosis, chronic activehepatitis, liver cirrhosis, viral hepatitis and hepatoma. Increased ADA activity is also observed in patientswith tuberculous effusions. Determination of ADA in patient serum may aid in the diagnosis of liverdiseases in combination with ALT or Gamma GT tests. ADA assay may also be useful in the diagnosticsof tuberculous pleuritis.","*","","Descriptive","Text","0 - 500","0 - 99999"
"","2398","A.N.A","NEGATIVE","-","-","Standard","Text","0 - 250","0 - 99999"
"","2399","ANTI SMOOTH MUSCLE ANTIBODIES (ASMA) :","0.0 - 20.0","Au/ml","","Standard","Text","0 - 500","0 - 99999"
"","2400","Anti-mitochondrial antibodies","Negative: <= 10.0Positive: > 10.0","U/ml","","Standard","Text","0 - 500","0 - 99999"
"","2401","ANCA - P (MPO ANTIBODIES)","Negative : <= 0.90Equivocal: 0.91 to 1.09Positive : >= 1.10","-","","Standard","Text","0 - 500","0 - 99999"
"","2402","ANCA-C (P-3 ANTIBODIES)","Negative : <= 0.90Equivocal : 0.91 to 1.09Positive : >= 1.10","-","","Standard","Text","0 - 500","0 - 99999"
"","2403","Anti Centromere-B","0.0 to 20.0","AU/ml","","Standard","Text","0 - 500","0 - 99999"
"","2404","ANTI ENDOMYSIAL IgG","SEE BELOW","U/ml","","Standard","Text","0 - 500","0 - 99999"
"","2405","ANTI Hbc","-","","","Descriptive","Text","0 - 500","0 - 99999"
"","2406","Cut Off Value","Negative: < 0.9Greyzone: 0.9 - 1.10Positive: > 1.10","","-","Standard","Text","0 - 500","0 - 99999"
"","2407","FIBRINOGEN LEVEL","2.0 - 4.0","g / L","","Standard","Text","0 - 500","0 - 99999"
"","2408","Result","-","ng/ml","-","Standard","Text","0 - 500","0 - 99999"
"","2409","ANTI KIDNEY LIVER MICROSOMAL ANTIBODIES(KLM)","NEGATIVE < 15.0POSITIVE > 15.0","U/ml","","Standard","Text","0 - 500","0 - 99999"
"","2410","ANTI PHOSPHOLIPID IgG","NEGATIVE < 10.0POSITIVE > 10.0","","","Standard","Text","0 - 500","0 - 99999"
"","2411","ANTI PHOSPHOLIPID IgM","NEGATIVE < 10.0POSITIVE > 10.0","","","Standard","Text","0 - 500","0 - 99999"
"","2412","Anti SCL-70 IgG","0.0 to 20.0","AU/ml","","Standard","Text","0 - 500","0 - 99999"
"","2413","ANTI SS-A (RO)","LESS THAN 20.0","AU/ml","","Standard","Text","0 - 500","0 - 99999"
"","2414","Copper (24 hrs Urine)","10-100","ug/24hrs","","Standard","Text","0 - 500","0 - 99999"
"","2415","COVID-19 Antibody IgG & IgM","-","","","Descriptive","Text","0 - 500","0 - 99999"
"","2416","Ds DNA","Negative <25Positive >=25","U/mL","","Standard","Text","0 - 500","0 - 99999"
"","2417","Sm","Negative <15Borderline 15 - 25Positive >25","U/ml","","Standard","Text","0 - 500","0 - 99999"
"","2418","Sm/RNP","Negative <15Borderline 15 - 25Positive >25","U/ml","","Standard","Text","0 - 500","0 - 99999"
"","2419","SS-A","Negative <25Positive >=25","U/ml","","Standard","Text","0 - 500","0 - 99999"
"","2420","SS-B","Negative <15Borderline 15 - 25Positive >25","U/ml","","Standard","Text","0 - 500","0 - 99999"
"","2421","CENP-B","Negative <10Positive >=10","U/ml","","Standard","Text","0 - 500","0 - 99999"
"","2422","ScI-70","Negative <15Borderline 15 - 25Positive >25","U/ml","","Standard","Text","0 - 500","0 - 99999"
"","2423","Jo-1","Negative <15Borderline 15 - 25Positive >25","U/ml","","Standard","Text","0 - 500","0 - 99999"
"","2424","ESTRADIOL","Adult Male: 20 - 75 Adult FemalePostmenopausal Phase  : 20 - 88MILD Follicular Phase : 24 - 114 Mild Luteal Phase     : 80 - 273 Periovulatory Phase   : 62 - 534","pg/mL","","Standard","Text","0 - 500","0 - 99999"
"","2425","FACTOR Viii (Anti Haemophilic Globulin)","0.0 - 1.0    Severe haemophilic1.1 - 5.0    Moderate haemophilic 5.1 - 50.0   Mild haemophilic50.0 - 150.0 Normal","%","","Standard","Text","0 - 500","0 - 99999"
"","2426","HELICOBACTER PYLORI Abs (IgA)","Negative <16Equivocal 16-22Positive >22","U/ml","","Standard","Text","0 - 500","0 - 99999"
"","2427","HELICOBACTER PYLORI Abs (IgG)","Negative <20.0Positive >20.0","U/ml","","Standard","Text","0 - 500","0 - 99999"
"","2428","HELICOBACTER PYLORI Abs IgM","Negative <20.0Positive > 20.0","U/ml","","Standard","Text","0 - 500","0 - 99999"
"","2429","HLA-B27","-","","","Descriptive","Text","0 - 500","0 - 99999"
"","2430","Homocystine (Urine)","5.0 -  15.0","µmol/l","","Standard","Text","0 - 500","0 - 99999"
"","2431","Insulin Growth Factor-1 (IGF-1)","See Below","ng/ml","","Standard","Text","0 - 500","0 - 99999"
"","2432","Ionized Calcium","1.15-1.35","mmol/l","","Standard","Text","0 - 500","0 - 99999"
"","2433","KETONE (BLOOD)","< 1.0 		(Negative)1.1 - 5.0		(Positive +)5.1 - 15.0	(Positive ++)> 15.0		(Positive +++)","mmol/l","","Standard","Text","0 - 500","0 - 99999"
"","2434","Morphine Derivatives (TLC)(Urine)","-","-","","Standard","Text","0 - 500","0 - 99999"
"","2435","METHADONE (MTD)(URINE)","-","","","Descriptive","Text","0 - 500","0 - 99999"
"","2436","MYCODOT (IgG)","< 0.9 		Negative0.9 : 1.1  	Borderline> 1.1		Positive","-","","Descriptive","Text","0 - 500","0 - 99999"
"","2437","MYCODOT (IgM)","< 0.80 Negative0.80 - 1.20 Borderline> 1.20 Positive","-","","Descriptive","Text","0 - 500","0 - 99999"
"","2438","ProBNP (N-t) II","-","-","125.0","Descriptive","Text","0 - 500","0 - 99999"
"","2439","Procalcitonin (PCT)","< 0.5 ng/mL > 2.0 ng/mL","ng/mL","","Standard","Text","0 - 500","0 - 99999"
"","2440","QuantiFeron-TB Gold Test","See Below","IU/ml","","Standard","Text","0 - 500","0 - 99999"
"","2441","T.SOT TB","see below","","","Standard","Text","0 - 500","0 - 99999"
"","2442","Serum Protein","6.5 - 8.8","g/dl","","Standard","Decimal","0 - 999","6.5 - 8.8"
"","2443","Albumin","3.5 - 5.0","g/dl","","Standard","Decimal","0 - 99","3.5 - 5"
"","2444","Serum Globulins","2.4 - 3.5","g/dl","","Standard","Formula","0 - 999999","2.4 - 3.5"
"","2445","A/G Ratio","1.1 - 2.4","","","Standard","Formula","0 - 999","1.1 - 2.4"
"","2446","CREATININE","Male: 0.4 - 1.1Female: 0.4 - 0.9","mg/dl","","Standard","Text","0 - 500","0 - 99999"
"","2447","BUN(BLOOD UREA NITROGEN)","8 - 22","mg/dl","","Standard","Text","0 - 250","0 - 99999"
"","2448","SGPT (ALT)","Male: 05 - 43Female: 05 - 38","U/L","","Standard","Text","0 - 500","0 - 99999"
"","2449","SERUM CHLORIDE","96 - 108","mmol/L","","Standard","Decimal","0 - 999","96 - 108"
"","2450","SERUM POTASSIUM","3.5 - 5.5","mmol/L","","Standard","Text","0 - 250","0 - 99999"
"","2451","SERUM SODIUM","135 - 150","mmol/L","","Standard","Text","0 - 250","0 - 99999"
"","2452","T.I.B.C","250 - 400","µg/dL","","Standard","Text","0 - 500","0 - 99999"
"","2453","IRON","Male: 59 - 148 Female: 37 - 145","µg/dL","","Standard","Text","0 - 500","0 - 99999"
"","2454","HDV BY PCR (QUALITATIVE) REAL TIME","-","","","Descriptive","Text","0 - 500","0 - 99999"
"","2455","Factor V (accelerator globulin)","70-00 - 120.00","%","","Standard","Text","0 - 500","0 - 99999"
"","2456","CULTURE","-","","","Descriptive","Text","0 - 250","0 - 99999"
"","2457","Augmentin (AMC)","-","","","Descriptive","Text","0 - 500","0 - 99999"
"","2458","Clindamycin(DA)","-","","","Descriptive","Text","0 - 500","0 - 99999"
"","2459","Linzolid(LZD)","-","","","Descriptive","Text","0 - 500","0 - 99999"
"","2460","Aztreonam(ATM)","-","-","","Descriptive","Text","0 - 500","0 - 99999"
"","2461","Cefoxitin(FOX)","-","-","","Descriptive","Text","0 - 500","0 - 99999"
"","2462","Ampicillin(AMP)","-","","","Descriptive","Text","0 - 500","0 - 99999"
"","2463","Cefotaxime(CTX)","-","-","","Descriptive","Text","0 - 500","0 - 99999"
"","2464","imipenem(IPM)","-","-","","Descriptive","Text","0 - 500","0 - 99999"
"","2465","Nitrofurantine(F)","-","","","Descriptive","Text","0 - 500","0 - 99999"
"","2466","Colistin(CT)","-","-","","Descriptive","Text","0 - 500","0 - 99999"
"","2467","Ceftriaxon(CRO)","-","-","","Descriptive","Text","0 - 500","0 - 99999"
"","2468","Erythromycin(E)","-","-","","Descriptive","Text","0 - 500","0 - 99999"
"","2469","Levofloxacin (LEV)","-","-","","Descriptive","Text","0 - 500","0 - 99999"
"","2470","Norfloxacin(NOR)","-","-","","Descriptive","Text","0 - 500","0 - 99999"
"","2471","Ofloxacin( OFX)","-","-","","Descriptive","Text","0 - 500","0 - 99999"
"","2472","tetracycline(TE)","-","-","","Descriptive","Text","0 - 500","0 - 99999"
"","2473","Ciprofloxacin(CIP)","-","-","","Descriptive","Text","0 - 500","0 - 99999"
"","2474","Kanamycin(k)","-","-","","Descriptive","Text","0 - 500","0 - 99999"
"","2475","Amikacin(AK)","-","-","","Descriptive","Text","0 - 500","0 - 99999"
"","2476","Ceftizoxime(ZOX)","-","-","","Descriptive","Text","0 - 500","0 - 99999"
"","2477","Gentamycin(CN)","-","-","","Descriptive","Text","0 - 500","0 - 99999"
"","2478","Trimethoprim (SXT)","-","","","Descriptive","Text","0 - 500","0 - 99999"
"","2479","Vancomycin (VA)","-","-","","Descriptive","Text","0 - 500","0 - 99999"
"","2480","Fosfomycin(FO)","-","-","","Descriptive","Text","0 - 500","0 - 99999"
"","2481","Augmentin(AMC)","-","","","Descriptive","Text","0 - 500","0 - 99999"
"","2482","Moxifloxacin(MXF)","-","-","","Descriptive","Text","0 - 500","0 - 99999"
"","2483","After 75 Grams Glucose","-","","","Sub Heading","Text","0 - 500","0 - 99999"
"","2484","Blood Glucose 1.0 hrs.","90-160","mg/dl","","Standard","Text","0 - 500","0 - 99999"
"","2485","Blood Glucose 1 + 1/2-HRS","90-140","mg/dl","","Standard","Text","0 - 500","0 - 99999"
"","2486","Blood Glucose 2.0 hrs","60-120","mg/dl","","Standard","Text","0 - 500","0 - 99999"
"","2487","Anti Mullerian Hormone (AMH)","Female:upto 2 years      : < 5.0 ng/mL2 year to 12 years: < 10.0 ng/mL13-45 years       : 1.0 to 10.0 ng/mL> 45 years        : < 1.0 ng/mLMales:upto 2 years      : 15.0 to 500.0ng/mL2 year to 12 years: 7.0 to 240.0 ng/mL> 12 years        : 0.7 to 20.0 ng/m","ng/mL","","Standard","Text","0 - 500","0 - 99999"
"","2488","COVID-19(SARS-CoV-2) PCR REPORT","","","","Descriptive","List","0 - 500","0 - 0"
"","2489","X-RAY SHOULDER","-","","","Descriptive","Text","0 - 500","0 - 99999"
"","2490","BILIRUBIN CONJUGATED","0.0 - 0.5","mg/dl","","Standard","Text","0 - 250","0 - 99999"
"","2491","CALCIUM","8.4 - 10.4","mg/dl","","Standard","Text","0 - 500","0 - 99999"
"","2492","Dengue Virus (IgG)","0.470","","","Standard","Decimal","0 - 33","0 - 11"
"","2493","DENGUE VIRUS (IgM)","0.501","","","Standard","Text","0 - 500","0 - 99999"
"","2494","IGM","NEGATIVE","","","Standard","List","0 - 500","0 - 99999"
"","2495","T.I.B.C","250 - 400","µg/dL","","Standard","Text","0 - 500","0 - 99999"
"","2496","Color","-","","","Standard","Text","0 - 250","0 - 99999"
"","2497","Turbidity","-","","NIL","Standard","Text","0 - 250","0 - 99999"
"","2498","Deposit","-","","NIL","Standard","Text","0 - 250","0 - 99999"
"","2499","Specific Gravity","-","","","Standard","Text","0 - 250","0 - 99999"
"","2500","Glucose","-","","NORMAL","Standard","Text","0 - 250","0 - 99999"
"","2501","Ketones","-","","NIL","Standard","Text","0 - 500","0 - 99999"
"","2502","Protein","-","-","","Standard","Text","0 - 250","0 - 99999"
"","2503","Bilirubin","-","","NORMAL","Standard","Text","0 - 250","0 - 99999"
"","2504","Nitrate","-","-","Negative","Standard","Text","0 - 250","0 - 99999"
"","2505","Urobilirubin","-","","NEGATIVE","Standard","Text","0 - 250","0 - 99999"
"","2506","Blood","-","","","Standard","Text","0 - 250","0 - 99999"
"","2507","Leucocytes","-","","","Standard","Text","0 - 500","0 - 99999"
"","2508","Casts","Nil","","","Standard","List","0 - 500","0 - 99999"
"","2509","Crystals","Nil","","","Standard","Text","0 - 250","0 - 99999"
"","2510","Others","-","-","","Descriptive","Text","0 - 250","0 - 99999"
"","2511","BILIRUBIN UNCONJUGATED","Adult: 0.1 - 1.1Child:(0-20)Days:0.1 - 12.8","mg/dl","","Standard","Text","0 - 250","0 - 99999"
"","2512","Result","-","-","","Standard","Text","0 - 500","0 - 99999"
"","2513","PATIENT'S VALUE","-","U/ml","","Standard","Text","0 - 500","0 - 99999"
"","2514","CutOff Value","-","","","Standard","Text","0 - 500","0 - 99999"
"","2515","ANTI HEV IgG:","-","","","Standard","Text","0 - 500","0 - 99999"
"","2516","Patient Value:","-","","","Standard","Text","0 - 500","0 - 99999"
"","2517","Cut Off Value:","-","-","","Standard","Text","0 - 500","0 - 99999"
"","2518","TOXOPLASMA IgM","NEGATIVE:   < 0.83EQUIVOCAL:  <= 0.83 To < 1.0POSITIVE:   >= 1.0","IU/ml","","Standard","Text","0 - 500","0 - 99999"
"","2519","C3 (Complement Level 3)","90 - 180","mg/dl","","Standard","Text","0 - 500","0 - 99999"
"","2520","C4 (Complement Level 4)","10 - 40","mg/dl","","Standard","Text","0 - 500","10 - 40"
"","2521","Rubella IgM","Non-Reactive: < = 0.75Equivocal: >= 0.75 - < 1.00Reactive: >= 1.00",".","","Standard","Decimal","0 - 500","0 - 1"
"","2522","CREATININE","MALE: 0.4 - 1.0FEMALE: 0.4 - 0.9","mg/dl","","Standard","Text","0 - 500","0 - 99999"
"","2523","URIC ACID","FEMALES: 2.5 - 5.7MALES:   3.5 - 7.0","mg/dl","","Standard","Decimal","0 - 99","2.5 - 7"
"","2524","Chloride","96 - 108","mmol/l","","Standard","Text","0 - 250","0 - 99999"
"","2525","SERUM BICARBONATE","22 - 28","nmol/L","","Standard","Text","0 - 250","0 - 99999"
"","2526","TRIGLYCERIDES","NORMAL: < 150BODERLINE: 150 - 199HIGH: 200 - 499VERY HIGH: > 500","mg/dl","","Standard","Text","0 - 500","0 - 99999"
"","2527","HDL CHOLESTEROL","35 - 55","mg/dl","","Standard","Text","0 - 500","0 - 99999"
"","2528","BILIRUBIN TOTAL","Adult: 0.1 - 1.1Child:(0-20)Days:0.1 - 12.0","mg/dl","","Standard","Text","0 - 250","0 - 99999"
"","2529","BILIRUBIN DIRECT","0.00 -- 0.5","mg/dl","","Standard","Text","0 - 500","0 - 99999"
"","2530","BILIRUBIN UNCONJUGATED","Adult:0.1 - 1.0Child(0-14)Years: 0.1-12.8","mg/dl","","Standard","Text","0 - 250","0 - 99999"
"","2531","S.G.O.T (A.S.T)","5 - 35","U/L","","Standard","Text","0 - 500","0 - 99999"
"","2532","ALKALINE PHOSPHATASE","Adult: 80 - 306Child:(0-14Years): 80 - 644","U/L","","Standard","Text","0 - 500","0 - 99999"
"","2533","AMYLASE","25 - 100","U/L","","Standard","Text","0 - 500","0 - 99999"
"","2534","Total Protein","6.5 - 8.8","g/dL","","Standard","Text","0 - 500","0 - 99999"
"","2535","No Of Stone:","-","","","Standard","Text","0 - 500","0 - 99999"
"","2536","Colour:","-","","","Standard","Text","0 - 500","0 - 99999"
"","2537","Surface:","-","","","Standard","Text","0 - 500","0 - 99999"
"","2538","Size:","-","","","Standard","Text","0 - 500","0 - 99999"
"","2539","Shape:","-","","","Standard","Text","0 - 500","0 - 99999"
"","2540","Calcium:","-","%","-","Standard","Text","0 - 500","0 - 99999"
"","2541","Phosphate","-","%","","Standard","Text","0 - 500","0 - 99999"
"","2542","Ammonium:","-","%","","Standard","Text","0 - 500","0 - 99999"
"","2543","Oxalate:","-","%","","Standard","Text","0 - 500","0 - 99999"
"","2544","Magnesium:","-","%","","Standard","Text","0 - 500","0 - 99999"
"","2545","Uric Acid:","-","%","","Standard","Text","0 - 500","0 - 99999"
"","2546","BILIRUBIN TOTAL","Adult: 0.1 - 1.0Child:(0-20)Days:0.1 - 12.0","mg/dl","","Standard","Text","0 - 250","0 - 99999"
"","2547","C.P.K","MEN <171WOMEN <145CHILDREN:UMBILICAL CORD BLOOD 175-402NEWBORNS 468-12005 DAYS 195-7006 MONTHS 41-330>6 MONTHS 24-229","U/L","","Standard","Text","0 - 500","0 - 99999"
"","2548","L.D.H","180 - 450","u/L","","Standard","Decimal","0 - 99999","0 - 99999"
"","2549","CK-MB","5 - 25","u/L","","Standard","Text","0 - 250","0 - 99999"
"","2550","SGOT (AST)","5 - 35","U/L","","Standard","Text","0 - 500","0 - 99999"
"","2551","HbA1c","3.8 - 5.8","%","","Standard","Text","0 - 500","0 - 99999"
"","2552","ACTH","7.2 - 63.3","pg/ml","","Standard","Text","0 - 500","0 - 99999"
"","2553","C.E.A","0.0 - 5.0","ng/mL","","Standard","Text","0 - 500","0 - 99999"
"","2554","SERUM INSULIN LEVEL","-","uIU/ml","","Standard","Text","0 - 500","0 - 99999"
"","2555","Ceruloplasmin (Serum)","15.00 - 30.00","mg/dl","","Standard","Text","0 - 500","0 - 99999"
"","2556","C- PEPTIDE LEVEL","-","ng/ml","","Standard","Text","0 - 500","0 - 99999"
"","2557","HAV  (IgG) :","-","-","","Standard","Text","0 - 500","0 - 99999"
"","2558","PATIENT'S VALUE","-","","","Standard","Text","0 - 500","0 - 99999"
"","2559","SERUM LIPASE","< 38","U/l","","Standard","Text","0 - 500","0 - 99999"
"","2560","IgE","0.0 - 100.0","IU/ml","","Standard","Text","0 - 500","0 - 99999"
"","2561","SERUM CHOLESTEROL","Desirable: < 200Boderline High: 200 - 239High: > 240","mg/dl","","Standard","Text","0 - 500","0 - 99999"
"","2562","HDL CHOLESTEROL","35 - 55","mg/dl","","Standard","Text","0 - 500","0 - 99999"
"","2563","LDL CHOLESTEROL","90 - 140","mg/dl","","Standard","Text","0 - 500","0 - 99999"
"","2564","PT","10 - 14","sec","","Standard","Decimal","0 - 999","10 - 14"
"","2565","INR","0.9 - 1.1","Ratio","","Standard","Formula","0 - 999999","0.9 - 1.1"
"","2566","Plasmodium Falciparum (P.F)","Negative","-","","Standard","Text","0 - 250","0 - 99999"
"","2567","Plasmodium Vivax (P.V)","Negative","","","Standard","Text","0 - 500","0 - 99999"
"","2568","BLOOD GROUP","-","","","Standard","Text","0 - 250","0 - 99999"
"","2569","RH FACTOR","-","","","Standard","Text","0 - 250","0 - 99999"
"","2570","Coombs Test Direct","-","","","Standard","Text","0 - 250","0 - 99999"
"","2571","Coombs Test Indirect","-","","","Standard","Text","0 - 250","0 - 99999"
"","2572","APTT","34 SEC","Sec.","","Standard","Text","0 - 500","0 - 99999"
"","2573","24 HOURS URINARY PROTEIN","50 - 150 mg/dl0.5 - 1.5 g/dl","24 Hours","","Standard","Text","0 - 250","0 - 99999"
"","2574","URINE FOR PREGNANCY TEST","-","-","-","Standard","Text","0 - 500","0 - 99999"
"","2575","24 HOURS URINARY CALCIUM","100.00 - 300.00","mmol/24 Hrs","","Standard","Text","0 - 250","100 - 300"
"","2576","Ketones","-","-","NIL","Standard","Text","0 - 500","0 - 99999"
"","2577","ALBUMIN / CREATININE RATIO (ACR)","Reference Range for ACR:Normal: <30 mg/gMicroalbuminuria: 30 to 300 mg/gMacroalbuminuria: >300 mg/g","mg/g","","Standard","Text","0 - 500","0 - 99999"
"","2578","BETA HCG","MEN : < 5 Female:Pre- Menopausal  : < 5 Post-Menopausal  : < 101St Trimester    : Week Of Gestation : hCG Conc.Serum    5              :   50  - 7,000    7              :  500  - 60,000    9              :17,000 - 200,000    11              :34,000 - 250,000   13              :25,000 - 210,0002nd Trimester      :10,000 - 100,0003rd Trimester      : 3,000 - 50,000  Normal serum hCG concentrations are reached up to 2 or 3 days after the labour.","IU/L","","Standard","Text","0 - 500","0 - 99999"
"","2579","R.A FACTOR (QUANTITATIVE)","0.0 - 30.0   Recommended that each laboratory   establish its own reference range.","IU/mL","","Standard","Text","0 - 500","0 - 99999"
"","2580","ALPHA FETO-PROTEIN","MALE:  0.46 -  6.41FEMALE: 0.49  -  9.84","IU/mL","","Standard","Text","0 - 500","0 - 99999"
"","2581","(VDRL) BY ELISA","NON REACTIVE < 1.0BORDER LINE 1.0-4.0REACTIVE > 4.0","-","","Standard","Decimal","0 - 99","0 - 4"
"","2582","HB-A","96.5 - 99.5","%","","Standard","Text","0 - 250","0 - 99999"
"","2583","HB-A2","0.0 - 3.5","%","","Standard","Text","0 - 500","0 - 99999"
"","2584","Opinion","","","","Descriptive","Text","0 - 500","0 - 99999"
"","2585","Advise","","","","Descriptive","Text","0 - 500","0 - 99999"
"","2586","HCV Ellisa :","-","","","Descriptive","Text","0 - 500","0 - 99999"
"","2587","TPHA (Syphilis)","SEE BELOW","","","Standard","Text","0 - 500","0 - 99999"
"","2588","Anti Helicobacter Pylori Screening","-","-","NEGATIVE","Standard","Text","0 - 500","0 - 99999"
"","2589","ANTI HIV - 1&2 (ICT)","-","","","Standard","Text","0 - 500","0 - 99999"
"","2590","CA-125","0.01 - 35.0","U/ml","","Standard","Text","0 - 500","0 - 99999"
"","2591","Note","-","","This result is non conclusive.  Fresh sample is required for conclusive result.  That will be repeated without any cost.","Standard","Text","0 - 500","0 - 99999"
"","2592","TOXOPLASMA IgG","Negative  :  <  1.6Equivocal :     1.62 to < 3.0Positive  :  >= 3.0","IU/ml","","Standard","Text","0 - 500","0 - 99999"
"","2593","D-DIMER (F.D.P's)","0.0-1.35  Recommended that each laboratory   establish its own reference range.","mg/L","","Standard","Text","0 - 500","0 - 99999"
"","2594","CA-19-9","-","u/ml","","Standard","Text","0 - 500","0 - 99999"
"","2595","PATIENT'S VALUE","-","-","","Standard","Text","0 - 500","0 - 99999"
"","2596","ANTI HEV IgM:","-","","","Standard","Text","0 - 500","0 - 99999"
"","2597","Result","-","","","Standard","Text","0 - 500","0 - 99999"
"","2598","PATIENT'S VALUE","-","ng/ml","-","Standard","Text","0 - 500","0 - 99999"
"","2599","ANTI CARDIOLIPIN IgG","Negative < 10Positive > 10","U/ml","","Standard","Text","0 - 500","0 - 99999"
"","2600","ANTI CARDIOLIPIN IgM","Negative < 10Positive > 10","U/ml","","Standard","Text","0 - 500","0 - 99999"
"","2601","Dengue NS1 Antigen","0.430","","","Standard","Text","0 - 500","0 - 99999"
"","2602","HEPATITIS B SURFACE ANTIGEN","-","","","Standard","List","0 - 500","0 - 99999"
"","2603","PATIENT'S INDEX VALUE","-","","","Standard","Text","0 - 500","0 - 99999"
"","2604","Rubella IgG","Non-Reactive: 0.0 - 4.9Equivocal: 5.0 - 9.9Reactive: >= 10.0",".","","Standard","Decimal","0 - 500","0 - 1.1"
"","2605","T3","1.2 - 2.8","nmol/L","","Standard","Text","0 - 500","0 - 99999"
"","2606","T4","59.13 - 168.2","nmol/L","","Standard","Text","0 - 500","0 - 99999"
"","2607","TSH","Euthyroid 0.17 - 4.05Hyperthyroid <0.15Untreated hyperthyroid >5","mIU/L","","Standard","Text","0 - 500","0 - 99999"
"","2608","T3","1.2 - 2.8","ng/mL","","Standard","Text","0 - 500","0 - 99999"
"","2609","TSH","0.37 - 5.10","µIU/mL","","Standard","Text","0 - 500","0 - 99999"
"","2610","LH","Children:Pre-pubertal          : <0.19Stage of puberty PII  : <0.6PIII,PIV,PV           : 0.32 - 2.7Male                  : 0.81 - 9.05Female:Follicular phase      : 0.77 - 80.3Pre-ovulatory peak    : 11.9 - 112Luteal phase          : 0.39 - 38.5Postmenopausal        : 9.03 - 70.6","IU/L","","Standard","Text","0 - 500","0 - 99999"
"","2611","FSH","Follicular phase :3.2-12.7 Ovulation phase: 4.5 - 22.8 Luteal phase: 1.2 - 8.9 Postmenopause.: 22 - 146 Male: 1.4- 14.4","IU/L","","Standard","Text","0 - 500","0 - 99999"
"","2612","TESTOSTERONE","SEE BELOW","ng/mL","","Standard","Text","0 - 500","0 - 99999"
"","2613","PROLACTIN","Male 2.3 - 17.5Female 2.9 - 25.8","-","","Standard","Text","0 - 500","0 - 99999"
"","2614","CORTISOL A.M","Collection Time    Reference Interval6.7   -  22.6","ug/dl","","Standard","Text","0 - 500","0 - 99999"
"","2615","CORTISOL PM","Collection Time    Reference Interval8:00  - 10:00   : 57.20 - 194.2016:00 - 18:00   : 20.20 - 131.00","ng / mL","","Standard","Text","0 - 500","0 - 99999"
"","2616","FREE T3 (FT3)","2.5 - 3.9","pg/mL","","Standard","Text","0 - 500","2.5 - 3.9"
"","2617","FREE T4 (FT4)","0.61 - 1.12","ng/dl","","Standard","Text","0 - 500","0.61 - 1.12"
"","2618","SERUM FERRITIN","Male     :   38-457 Female:   Premenopausal:  7.4-73   Menopausal   :  14-165Children:      0-6 months :  1.0-434    0.5-15 years :  2.0-135     15-18 years :  16-90Girls:   15-18 years :  5.0-127","ng/ml","","Standard","Text","0 - 500","0 - 99999"
"","2619","Thyroglobulin","Less than 95.0 IU/ml","IU/ml","","Standard","Text","0 - 500","0 - 99999"
"","2620","ANTI THYROID PEROXIDASE (BLOOD TPO)","Less Than 30 IU/ml","IU/ml","","Standard","Text","0 - 500","0 - 99999"
"","2621","Consistency","-","","","Standard","Text","0 - 250","0 - 99999"
"","2622","Odour","-","","Fecal","Standard","Text","0 - 500","0 - 99999"
"","2623","Reaction","-","","NIL","Standard","Text","0 - 250","0 - 99999"
"","2624","Mucus","-","","NIL","Standard","Text","0 - 250","0 - 99999"
"","2625","Parasite","-","","NIL","Standard","Text","0 - 250","0 - 99999"
"","2626","Occult Blood","-","","","Standard","Text","0 - 250","0 - 99999"
"","2627","Pus Cells/WBC","-","","","Standard","Text","0 - 250","0 - 99999"
"","2628","RBC","-","","NIL","Standard","Text","0 - 250","0 - 99999"
"","2629","Fats","-","","NIL","Standard","Text","0 - 250","0 - 99999"
"","2630","Ova","-","","Not Seen.","Standard","Text","0 - 250","0 - 99999"
"","2631","Cysts","-","","Not Seen.","Standard","Text","0 - 500","0 - 99999"
"","2632","UNDIGESTED FOOD","-","","NIL","Standard","Text","0 - 500","0 - 99999"
"","2633","Macrophages","-","","NIL","Standard","Text","0 - 500","0 - 99999"
"","2634","Muscle cells","-","","NIL","Standard","Text","0 - 500","0 - 99999"
"","2635","Starch","-","","NIL","Standard","Text","0 - 500","0 - 99999"
"","2636","Liquification:","-","-","","Standard","Text","0 - 250","0 - 99999"
"","2637","PH","","-","","Standard","List","0 - 250","0 - 99999"
"","2638","Total Sperm Count","60 - 120","million/ml","","Standard","Text","0 - 250","0 - 99999"
"","2639","ACTIVE:","40 - 60","%","","Standard","Text","0 - 500","0 - 99999"
"","2640","SLUGGISH:","10 - 20","%","","Standard","Text","0 - 500","0 - 99999"
"","2641","DEAD:","10 - 20","%","","Standard","Text","0 - 500","0 - 99999"
"","2642","Microhead:","-","/ H.P.F","","Standard","Text","0 - 500","0 - 99999"
"","2643","Macrohead:","-","/ H.P.F","","Standard","Text","0 - 500","0 - 99999"
"","2644","Without Tail:","-","/ H.P.F","","Standard","Text","0 - 500","0 - 99999"
"","2645","Double Head:","-","/ H.P.F","","Standard","Text","0 - 500","0 - 99999"
"","2646","Pus Cells","-","/ H.P.F","-","Standard","Text","0 - 250","0 - 99999"
"","2647","Red Blood Cells","-","/ H.P.F","-","Standard","Text","0 - 500","0 - 99999"
"","2648","Epithelial Cells","-","/ H.P.F","-","Standard","Text","0 - 500","0 - 99999"
"","2649","igM","-","-","","Descriptive","Text","0 - 500","0 - 99999"
"","2650","igG","-","-","","Descriptive","Text","0 - 500","0 - 99999"
"","2651","Troponin-I","SEE BELOW","-","","Standard","Text","0 - 15","0 - 99999"
"","2652","Phosphorus (PO4)","Adult: 2.5 - 4.8Child: 4.0 - 7.0","mg/dL","","Standard","Text","0 - 500","0 - 99999"
"","2653","ALKALINE PHOSPHATASE","Adult:80 - 306Child:(0-14 Years):80 - 644","U/L","","Standard","Text","0 - 500","0 - 99999"
"","2654","L.D.L","90 - 140","mg/dl","","Standard","Text","0 - 500","0 - 99999"
"","2655","Globulins","2.4 - 3.5","g/dl","","Standard","Decimal","0 - 999","2.4 - 3.5"
"","2656","TIBC","200 - 400","ug/dL","","Standard","Text","0 - 500","0 - 99999"
"","2657","PSA (Prostate Specific Antigen) Total","0.0 - 4.2","ng/ml","","Standard","Text","0 - 500","0 - 99999"
"","2658","VITAMIN B12 LEVEL","(See below)","pg/ml","","Standard","Text","0 - 500","0 - 99999"
"","2659","CRP (HIGH SENSITIVITY)","<10.0Newborn(age 0-4 weeks): 0.1 - 4.1  Recommended that each laboratory   establish its own reference range.","mg/l","","Standard","Text","0 - 500","0 - 99999"
"","2660","Patient's Value","","","","Standard","Decimal","0 - 60","0 - 23"
"","2661","R.A FACTOR","Negative","-","","Standard","Text","0 - 500","0 - 99999"
"","2662","I.C.T TB","-","-","","Standard","Text","0 - 500","0 - 99999"
"","2663","-","-","","","Descriptive","Text","0 - 250","0 - 99999"
"","2664","Chloramphenicol(C)","","","","Descriptive","Text","0 - 500","0 - 99999"
"","2665","PENCILLIN(P)","","","","Descriptive","Text","0 - 500","0 - 99999"
"","2666","Cefaclor(CEC)","","","","Descriptive","Text","0 - 500","0 - 99999"
"","2667","Cefixime(CFM)","","","","Descriptive","Text","0 - 500","0 - 99999"
"","2668","Cefiparazone(SCF)","","","","Descriptive","Text","0 - 500","0 - 99999"
"","2669","Meropenem(MEM)","","","","Descriptive","Text","0 - 500","0 - 99999"
"","2670","Tazobactam(TZP)","","","","Descriptive","Text","0 - 500","0 - 99999"
"","2671","BIOPSY #","-","","","Descriptive","AutoComplete","0 - 500","0 - 99999"
"","2672","AMA (ANTI MICROSOMAL ANTIBODIES) BLOOD","0.0 - 1.0","Au/ml","","Standard","Text","0 - 500","0 - 99999"
"","2673","Urine Sugar","NIL","-","","Standard","Text","0 - 250","0 - 99999"
"","2674","STOOL FOR H. PYLORI ANTIGEN","-","-","","Standard","List","0 - 500","0 - 99999"
"","2675","Anti Thrombin III Plasma","85.00 - 122.00","%","","Standard","Text","0 - 500","0 - 99999"
"","2676","Protein C","72.00 - 160.00","%","","Standard","AutoComplete","0 - 500","0 - 99999"
"","2677","Protein  S","60.00 - 150.00","%","","Standard","Text","0 - 500","0 - 99999"
"","2678","Anti Ds DNA","Negative= < 25.0Positive= > 25.0","U/ml","","Standard","Text","0 - 500","0 - 99999"
"","2679","Anti Cholinesterase(Abs)","7.0 - 25.0","um/ml","","Standard","Text","0 - 500","0 - 99999"
"","2680","Urine Albumin","-","","","Standard","Text","0 - 500","0 - 99999"
"","2681","FACTOR V","70 - 120","%","","Standard","Text","0 - 500","0 - 99999"
"","2682","AMMONIA","14.70 - 55.50","umol/l","","Standard","Text","0 - 500","0 - 99999"
"","2683","Free Testosterone Serum","Male: 15.0 to 50.0Female: < 4.20","Pg/ml","","Standard","Text","0 - 500","0 - 99999"
"","2684","ANTI TISSUE TRANSGLUTAMINASE (IgM)","NEGATIVE <10.0 POSITIVE >10.0","","","Standard","Text","0 - 500","0 - 99999"
"","2685","Montoux Test (MT)","Positive > 9Doubtful 4-9Negative < 4","mm","","Standard","Integer","0 - 50","0 - 9"
"","2686","V.D.R.L ( Syphilis ) ICT","","","","Standard","Text","0 - 500","0 - 99999"
"","2687","Creatinine Clearance","Male 98 -156Female 95 - 160","ml/min","","Standard","Decimal","0 - 360","90 - 120"
"","2688","Rh Antibody Titer","","","","Standard","Text","0 - 250","0 - 99999"
"","2689","Salmonella Typhi igM ELISA","See Below","-","","Standard","Text","0 - 500","0 - 0"
"","2690","Salmonella Typhi igG ELISA","See Below","-","","Standard","Text","0 - 500","0 - 0"
"","2691","Bile Acid","0.0  -  10.0","Umol/L","","Standard","Text","0 - 500","0 - 0"
"","2692","ProBNP (N-t) II","0.0 - 123","pg/ml","","Standard","Text","0 - 500","0 - 9999"
"","2693","C.E.A","Non-Smoker: 0.01 - 3.039% Smokers:3.1 - 5.087% Smokers:5.1 - 10.0","ng/mL","","Standard","Text","0 - 500","0 - 99999"
"","2694","Patient Information","","","","Descriptive","Text","0 - 500","0 - 99999"
"","2695","BUN/Creatinine Ratio","5 - 20","","","Standard","Formula","0 - 999999","5 - 20"
"","2696","D-DIMER (F.D.P's)","0.0-1.35  Recommended that each laboratory   establish its own reference range.","ng/mL","","Standard","Text","0 - 500","0 - 99999"
"","2697","GROWTH HORMONE","0- 10 Years: 0.094 - 6.2911 - 17 Years: 0.077 - 10.818 Years and older:<0.030 - 2.47","ng/ml","","Standard","Text","0 - 500","0 - 99999"
"","2698","Sperm Concentration","> 15 Million","million/ml","million/ml","Standard","Text","0 - 500","0 - 999999999999"
"","2699","Rapid Progression","> 20 %","%","%","Standard","Text","0 - 500","0 - 99999"
"","2700","Non-Progressive","-","%","","Standard","Text","0 - 500","0 - 0"
"","2701","Midpiece Defects","","%","%","Standard","Text","0 - 500","0 - 99999"
"","2702","Glucose","119","mg/dl","Nil","Standard","Text","0 - 250","0 - 119"
"","2703","Protein","0.1,0.2","g/dl","999","Standard","Text","0 - 250","0 - 99999"
"","2704","RBC","150","Cmm","nil","Standard","Text","0 - 250","0 - 99999"
"","2705","CHOLESTEROL / HDL CHOLESTEROL RATIO","Desirable: 3.5 to 5.0High: > 5.0","mg/dl","","Standard","Formula","0 - 999999","0 - 5"
"","2706","HDL CHOLESTEROL","No Risk : > 60Moderate Risk: 40 - 60High Risk : < 40","mg/dl","","Standard","Text","0 - 500","0 - 99999"
"","2707","LDL CHOLESTEROL","Desirable: < 99Above Desirable: 100-129Borderline: 130 - 159High: 160 - 189Very High: > 190","mg/dl","","Standard","Decimal","0 - 9999","0 - 160"
"","2708","LDL-Cholesterol","Normal: < 130Borderline: 130 - 159High: > 160","mg/dl","","Standard","Formula","0 - 999999","80 - 160"
"","2709","Estrogen","Male: <15.0 - 31.5Female:Early Follicular: 22.5 - 115Mid Follicular: 25 - 115Ovulatory Peak: 32.5 - 517Mid Luteal: 36.5 - 246Post-menopausal: 15 - 25","pg/mL","","Standard","Decimal","0 - 1050","9 - 350"
"","2710","T3","0.72 - 2.13","ng/mL","","Standard","Decimal","0 - 5.64","0.72 - 2.13"
"","2711","Anti-Nuclear Antibody A.N.A. IgG","Negative= < 0.9Borderline= 0.9 - 1.2Positive= > 1.2","","","Standard","Text","0 - 500","0 - 99999"
"","2712","Anti Smooth Muscle Antibodies (A.S.M.A)","Negative: Less than 6Equivocal/Borderline 6 - 12Positive: More than 12","Au/ml","","Standard","Text","0 - 500","0 - 20"
"","2713","Anti Mitochondrial Antibodies (A.M.A)","Negative < 0.9Grey Zone 0.9 - 1.1Positive > 1.1","AU/ml","","Standard","Text","0 - 500","0 - 99999"
"","2714","T4","4.4 - 10.8","nmol/L","","Standard","Decimal","0 - 459","4.4 - 10.8"
"","2715","TSH","0.3 -- 4.0","miu/L","","Standard","Decimal","0 - 99","0.3 - 4"
"","2716","LUTEINIZING HORMONE(LH)","Male Under 60 Years: 1.20 - 8.6FemaleFollicular phase: 1.0 - 11.0Mid Cycle: 10.0 - 80.0.0Luteal phase: 1.0 - 14.0Postmenopause: 8.1 - 44.0","IU/l","","Standard","Decimal","0 - 270","0.9 - 90"
"","2717","FOLLICLE-STIM HORMONE ( FSH )","Male: 1.00 - 14.00FemaleFollicular Phase: 3.00 - 12.00Mid Cycle: 8.00 - 22.0Luteal Phase: 2.00 - 12.00Postmenopause: 35.00 - 151.00","IU/l","","Standard","Decimal","0 - 453","1.3 - 151"
"","2718","Prolactin","Female: Non-Pregnant: 1.20 - 19.50Post Menopause: 1.50 - 18.50Male: 1.80 - 17.0","ng/ml","","Standard","Decimal","0 - 105","2.35 - 35"
"","2719","Cefuroxime","-","-","","Descriptive","Text","0 - 500","0 - 99999"
"","2720","Cefizox (ZOX)","-","-","","Descriptive","Text","0 - 500","0 - 99999"
"","2721","Cefspan(CFM)","-","-","","Descriptive","Text","0 - 500","0 - 99999"
"","2722","Ceftazidime","-","","","Descriptive","Text","0 - 500","0 - 99999"
"","2723","Fortum (CAZ)","-","-","","Descriptive","Text","0 - 500","0 - 99999"
"","2724","Urixin (PIP)","-","-","","Descriptive","Text","0 - 500","0 - 99999"
"","2725","Zinacif (CXM)","-","-","","Descriptive","Text","0 - 500","0 - 99999"
"","2726","Sulzone (Cefoperazone/Sulbactam (SUL)","-","-","","Descriptive","Text","0 - 500","0 - 99999"
"","2727","Bilirubin Total","0.2 - 1.0","mg/dl","","Standard","Decimal","0 - 30.0","0.2 - 1.2"
"","2728","Alkaline Phosphatase","Male 20-50 Years: 53 - 200Female 20-50 Years: 42 - 200Child 1-12 Years: < 460","U/L","","Standard","Decimal","0 - 5000","42 - 200"
"","2729","Total Protein","Adult: 6.6 - 8.7","g/dL","","Standard","Decimal","0 - 26.1","6.6 - 8.7"
"","2730","Leukocytes","NIL","-","NIL","Standard","Text","0 - 500","0 - 1"
"","2731","Toxoplasma IgG","Non- Reactive: < 1.6Equivocal: 1.6 to < 3.0Reactive: >= 3.0* Reactive result in suspected early diseases cases should be retested in three weeks.* For grey zone results, repeat testing is suggested after two weeks for confirmation.","IU/ml","","Standard","Text","0 - 500","0 - 1.6"
"","2732","Dengue Virus (IgG) Screening","Negative","","","Descriptive","Text","0 - 500","0 - 99999"
"","2733","DENGUE VIRUS (IgM) Screening","Negative","","","Descriptive","Text","0 - 500","0 - 99999"
"","2734","TSH receptor antibodies (TRAB)","Negative:<0.4Positive:=/>0.4","IU/L","","Standard","Text","0 - 500","0 - 500"
"","2735","Colour","Yellow","","","Standard","Text","0 - 250","0 - 99999"
"","2736","Urea (Serum)","Adults <65Y 15 - 50Adults >65Y <70","mg/dl","","Standard","Text","8 - 500","15 - 50"
"","2737","ESTIMATED GLOMERULAR FILTERATION RATE (eGFR)","(SEE BELOW)","mL/Min/1.73m^2","","Standard","Text","0 - 500","0 - 150"
"","2738","PH","7.31 - 7.41","","","Standard","Decimal","0 - 22.38","7.31 - 7.41"
"","2739","PCO2","41.0 - 51.0","mmHg","","Standard","Text","0 - 500","41 - 51"
"","2740","PO2","35 - 40","mmHg","","Standard","Decimal","0 - 324","35 - 40"
"","2741","BETA HCG","MEN : < 10.00 Female:Pre- Menopausal  : < 5 Post-Menopausal  : < 101 - 3 Pregnancy Weeks : 50   - 150004 - 5 Pregnancy Weeks : 2500 - 85006 - 11 Pregnancy Weeks : 12000 - 28000012 - 21 Pregnancy Weeks : 7000 - 19500 Normal serum hCG concentrations are reached up to 2 or 3 days after the labour.","IU/L","","Standard","Text","0 - 500","0 - 10"
"","2742","PROLACTIN","M= 2.3 - 17.5, F= 2.9 - 25.8","mIU/L","","Standard","Decimal","0 - 999","2.3 - 17.5"
"","2743","Nitrate","NEGATIVE","-","Negative","Descriptive","Text","0 - 250","0 - 0"
"","2744","Anti Thyroid Peroxidase (Blood TPO)","Less Than 9.0","IU/ml","","Standard","Text","0 - 500","0 - 99999"
"","2745","Liquification","30 Minutes at 37 C.","","","Standard","Text","0 - 250","0 - 99999"
"","2746","Duration of Absitence","3 To 5 Days","","","Standard","Text","0 - 250","0 - 99999"
"","2747","Volume","1 - 10 cc","","","Standard","Text","0 - 250","0.5 - 99999"
"","2748","Consistency","Thin & Thick","","","Standard","Text","0 - 250","0 - 99999"
"","2749","PH","Alkaline","-","","Standard","List","0 - 250","0 - 99999"
"","2750","Rapid Progression","40 - 60 %","","","Standard","Text","0 - 500","0 - 99999"
"","2751","Slow Progression:","20 - 40 %","","","Standard","Text","0 - 500","0 - 99999"
"","2752","Immotile","20 - 40 %","","","Standard","Text","0 - 250","0 - 99999"
"","2753","Concentration:","60 - 120","million/ml","","Standard","Text","0 - 500","0 - 99999"
"","2754","Epithelial Cells","Rare","","Nil","Standard","Text","0 - 500","0 - 99999"
"","2755","Claforan(CTX)","-","","","Descriptive","Text","0 - 500","0 - 99999"
"","2756","Sparaxin(SPX)","-","","","Descriptive","Text","0 - 500","0 - 99999"
"","2757","Zinacef(CXM)","-","-","","Descriptive","Text","0 - 500","0 - 99999"
"","2758","Cefaclor(CEC)","-","","","Descriptive","Text","0 - 500","0 - 99999"
"","2759","Kanamycin(K)","-","","","Descriptive","Text","0 - 500","0 - 99999"
"","2760","Sulzone(SUL)","-","-","","Descriptive","Text","0 - 500","0 - 99999"
"","2761","Tazocin(TZP)","-","-","","Descriptive","Text","0 - 500","0 - 99999"
"","2762","Rubella IgG","Negative: < 8.0Borderline: 8.0 to 12.0Positive: > 12.0","IU/mL","","Standard","Decimal","0 - 999","0 - 999"
"","2763","FSH","Male: 1.00 - 14.00FemaleFollicular Phase: 3.00 - 12.00Midcycle : 8.00 - 22.00Luteal Phase: 2.00 - 12.00Postmenopause: 35.00 - 151.00","IU/l","","Standard","Decimal","0 - 453","1.3 - 151"
"","2764","Creatinine","Male: 0.7 - 1.3Female: 0.6 - 1.1Child1 Day: 0.6 - 1.23 Months: 0.2 - 0.41 Year: 0.3 - 0.72-12 Years: 0.35 - 1.0","mg/dl","","Standard","Decimal","0 - 40","0.6 - 1.2"
"","2765","Anti Thyroglobulin Antibodies (ATG)","Negative:   <58.5Equivocal:  58.5 - 71.5Positive:   >71.5","IU/ml","","Standard","Decimal","0 - 999","0 - 71.5"
"","2766","Progesterone Level","Male :                    0.14 -  2.06Non-Pregnant Female:Mid Follicular Phase :    0.31 - 1.52Mid Luteal Phase :        5.16 - 18.56Postmenopausal:           0.04 - 0.79Pregnant Female:1st Trimester:            4.73 - 50.742nd Trimester:            19.41 - 45.30","ng/mL","","Standard","Text","0 - 500","0 - 99999"
"","2767","FREE T4 (FT4)","0.8 - 2.2","ng/dl","","Standard","Text","0 - 500","0.8 - 2.2"
"","2768","FREE T3 (FT3)","1.8 - 4.2","pg/mL","","Standard","Text","0 - 500","1.8 - 4.2"
"","2769","HbA1c","4.5 - 6.7","%","","Standard","Decimal","0 - 50","4.5 - 6.7"
"","2770","Hepatitis B viral Antigen Result","Negative","","","Standard","List","0 - 500","0 - 0"
"","2771","R.A FACTOR (QUANTITATIVE)","0.0 - 8.0","IU/mL","","Standard","Decimal","0 - 999","0 - 8"
"","2772","Lymphocytes","22 - 55","%","","Standard","Decimal","5 - 200","22 - 55"
"","2773","Gentamycin","-","","","Descriptive","Text","0 - 500","0 - 99999"
"","2774","Tobramycin","-","","","Descriptive","Text","0 - 500","0 - 99999"
"","2775","Imipenem","-","","","Descriptive","Text","0 - 500","0 - 99999"
"","2776","Meropenem","-","-","","Descriptive","Text","0 - 500","0 - 99999"
"","2777","Metronidazole","","","","Descriptive","Text","0 - 500","0 - 99999"
"","2778","Augmentin(AMC) (Amoxicillin/Clavulanic acid)","-","","","Descriptive","Text","0 - 500","0 - 99999"
"","2779","Anti Mullerian Hormone (AMH)","Males :1  - 11 Years : 39.1 - 33012 - 20 Years : 1.15 - 142> 20    Years : 0.6  - 18.2Females:< 10 Years    : 0.08 - 10.610 - 20 Years : 0.62 - 10.9021 - 30 Years : 0.08 - 10.2331 - 40 Years : 0.15 - 10.5041 - 50 Years : 0.08 - 6.12 > 50 Years   : 0.08 - 0.4","ng/mL","","Standard","Decimal","0 - 1398","0 - 100"
"","2780","T4","4.4 - 10.8","n mol/L","","Standard","Decimal","0 - 50","4.4 - 10.8"
"","2781","TSH","Adult: 0.30 - 4.0","µIU/mL","","Standard","Text","0 - 110","0.3 - 4"
"","2782","Head Piece Defects","","","","Standard","Text","0 - 500","0 - 99999"
"","2783","Mid Piece Defects","","","","Standard","Text","0 - 500","0 - 99999"
"","2784","Tail Piece Defects","","","","Standard","Text","0 - 500","0 - 99999"
"","2785","Quantity","--","","","Standard","Text","0 - 500","0 - 99999"
"","2786","Color","Colorless","","","Standard","Text","0 - 250","0 - 99999"
"","2787","Sediment","Nil","","","Standard","Text","0 - 500","0 - 99999"
"","2788","Coagulum","Nil","","","Standard","Text","0 - 500","0 - 99999"
"","2789","Xanthochromia","Nil","","","Standard","Text","0 - 500","0 - 99999"
"","2790","Viscosity","Normal","","","Standard","Text","0 - 500","0 - 99999"
"","2791","Glucose","--","mg/dl","","Standard","Decimal","0 - 999","0 - 0"
"","2792","Proteins","< 3","G/dl","","Standard","Decimal","0 - 999","0 - 3"
"","2793","LDH","< 0.59","x Serum Value","","Standard","Decimal","0 - 999","0 - 0.59"
"","2794","Leucocytes Count (TLC)","< 150","/c.mm","","Standard","Decimal","0 - 999","0 - 150"
"","2795","Red Cells Count","Rare","","","Standard","Decimal","0 - 999","0 - 99999"
"","2796","Neutrophils","< 10","%","","Standard","Decimal","0 - 100","0 - 10"
"","2797","Lymphocytes","> 90","%","","Standard","Decimal","0 - 100","90 - 110"
"","2798","Gram's Stain","Negative","","","Standard","List","0 - 500","0 - 0"
"","2799","Ziehl Neelsen Stain","No AFB seen","","No AFB seen","Standard","Text","0 - 500","0 - 99999"
"","2800","Vitamin B12 Level","Normal: 180 - 914Intermediate: 145 - 170 Deficiency: Less than 145","pg/ml","","Standard","Text","0 - 500","145 - 914"
"","2801","D-DIMER","<200.0 ng/ml  Recommended that each laboratory   establish its own reference range.","ng/ml","","Standard","Text","0 - 500","0 - 99999"
"","2802","T4","Cord Blood :7.4 - 13 1 - 3 days:12 - 23 1 - 2 weeks:9.9 - 17 1 - 4 months:7.2 - 14 4 - 12 months:7.8 - 16 Childern:5.6 - 15 Adults:4.6 - 11","nmol/L","","Standard","Decimal","0 - 459","59 - 153"
"","2803","Urine Sugar Random","Nil","","Nil","Descriptive","Text","0 - 500","0 - 99999"
"","2804","Brucella Abortus","","","","Standard","Text","0 - 500","0 - 99999"
"","2805","Brucella Melitensis","1:20","","","Standard","Text","0 - 500","0 - 99999"
"","2806","SERUM LIPASE","10 - 137","U/l","","Standard","Decimal","0 - 1800","10 - 137"
"","2807","Result","Negative","-","","Standard","Text","0 - 500","0 - 99999"
"","2808","CutOff Value","1.0","","","Standard","Text","0 - 500","1 - 99999"
"","2809","HAV  (IgG) :","Negative","-","","Standard","Text","0 - 500","0 - 99999"
"","2810","Cut Off Value:","1.0","-","","Standard","Text","0 - 500","1 - 1"
"","2811","ANTI HEV IgG:","Negative","","","Standard","Text","0 - 500","0 - 99999"
"","2812","ANTI HEV IgM:","Negative","","","Standard","Text","0 - 500","0 - 99999"
"","2813","IgE","Male   : Less Than 250Female : Less Than 175","IU/ml","","Standard","Decimal","0 - 5000","0 - 175"
"","2814","Alkaline Phosphatase","Male: 53 - 128, Female: 42 - 98, 0-10 year: 80 - 640","U/L","","Standard","Decimal","0 - 5000","42 - 700"
"","2815","Bence jones protein test (Urine)","-","","","Descriptive","Text","0 - 500","0 - 99999"
"","2816","Heamoglobin (HB)","Female: 11.0 - 15.0Male: 13.0 - 17.0","g/dl","","Standard","Decimal","0 - 500","0 - 25"
"","2817","C-Reactive Protein (CRP)","Negative: <6","mg/L","","Standard","Decimal","0 - 999","0 - 6"
"","2818","PH","5.0 - 8.5","","","Standard","Text","0 - 250","0 - 99999"
"","2819","RA Factor","Negative: <30Borderline: 30-50Positive: >50","IU/mL","","Standard","Text","0 - 500","0 - 1000"
"","2820","Reducing Substance","Negative","","","Standard","List","0 - 500","0 - 99999"
"","2821","Serum Anti-GAD 65","Normal = 17High   > 17","U/mL","","Standard","Text","0 - 500","0 - 17"
"","2822","Remarks:","","","","Descriptive","Text","0 - 500","0 - 99999"
"","2823","Opinion:","","","","Descriptive","Text","0 - 500","0 - 99999"
"","2824","Advice:","","","","Descriptive","Text","0 - 500","0 - 99999"
"","2825","Note:","","","","Descriptive","Text","0 - 500","0 - 99999"
"","2826","T4","5.0 - 12.0","ug/dL","","Standard","Decimal","0 - 459","5 - 12"
"","2827","Leishmania Donovani Bodies","Negative","","","Standard","Text","0 - 500","0 - 99999"
"","2828","Co-trimoxazole","","","","Descriptive","Text","0 - 500","0 - 99999"
"","2829","Pipracillin -Tazobactam","","","","Descriptive","Text","0 - 500","0 - 99999"
"","2830","Result","Non Reactive","","","Standard","Text","0 - 500","0 - 99999"
"","2831","TSH","Birth - 4 Days: 1.0 - 39.02 - 20 Weeks: 1.7 - 9.121 Weeks - 20 Yrs: 0.7 - 6.421 - 54 Yrs: 0.35 - 4.94> 55 Yrs: 0.5 - 8.9Pregnancy; 1st Trimester: 0.3 - 4.52nd Trimester: 0.5 - 4.63rd Trimester: 0.8 - 5.2Methodology: CMIA(Architect ci8200 - ABBOTT )","µIU/mL","","Standard","Text","0 - 500","0 - 99999"
"","2832","Prolactin","1 - 12 Months: 0.20 - 29.91 - 3 Yrs: 1.00 - 17.14 - 6 Yrs: 1.60 - 13.17 - 9 Yrs: 0.30 - 12.910 - 12 Yrs: 1.90 - 9.6013 - 15 Yrs: 3.00 - 14.416 - 18 Yrs: 2.10 - 18.4Adult Non Pregnant: 03.0 - 25.0Adult Pregnant: 80.0 - 400.0Methodology: CMIA (Abbott ARCHITECT Plus i1000SR)","ng/ml","","Standard","Decimal","0 - 105","0 - 9999"
"","2833","Anti Mullerian Hormone (AMH)","1.00 - 2.99","ng/mL","","Standard","Decimal","0 - 1398","1 - 2.99"
"","2834","Pregnancy Test In Blood","Negative-No PregnancyPositive-Pregnancy Confirmed","","","Standard","List","0 - 500","0 - 99999"
"","2835","Total Bilirubin","0.2 - 1.1","mg/dl","","Standard","Decimal","0 - 500","0.2 - 1.1"
"","2836","Direct Bilirubin","0.2 - 0.5","mg/dl","","Standard","Decimal","0 - 500","0.2 - 0.5"
"","2837","SGPT (ALT)","5 - 43","U/L","","Standard","Integer","0 - 10000","5 - 43"
"","2838","Indirect Bilirubin","0.1 - 0.6","mg/dl","","Standard","Decimal","0 - 500","0.1 - 0.6"
"","2839","LDH (Fluid)","Newborn: <70 U/LAdults: <40 U/L","U/L","U/L","Standard","Decimal","0 - 500","0 - 70"
"","2840","Xanthochromia","Negative","","","Standard","List","0 - 500","0 - 1000"
"","2841","WBCs","<5/cmm3","/cmm3","/cmm3","Standard","Decimal","0 - 999","0 - 10"
"","2842","RBCs","<5/cmm3","/cmm3","/cmm3","Standard","Decimal","0 - 9999","0 - 10"
"","2843","CSF Protein","15-60","mg/dl","mg/dl","Standard","Decimal","0 - 999","15 - 60"
"","2844","CSF Glucose","50-80","mg/dl","mg/dl","Standard","Decimal","0 - 999","50 - 80"
"","2845","WBCs","<5","/cmm3","/cmm3","Standard","Decimal","0 - 999","0 - 10"
"","2846","RBCs","<5","/cmm3","/cmm3","Standard","Decimal","0 - 999","0 - 10"
"","2847","Neut","","%","%","Standard","Decimal","0 - 999","0 - 500"
"","2848","Lymph","","%","%","Standard","Decimal","0 - 999","0 - 500"
"","2849","Cellularity","","","","Descriptive","Text","0 - 500","0 - 99999"
"","2850","Erythropoiesis","","","","Descriptive","Text","0 - 500","0 - 99999"
"","2851","Myelopoiesis","","","","Descriptive","Text","0 - 500","0 - 99999"
"","2852","M:E ratio","","","","Descriptive","Text","0 - 500","0 - 99999"
"","2853","Megakaryocytes","","","","Descriptive","Text","0 - 500","0 - 99999"
"","2854","Specimen Site","","","","Descriptive","AutoComplete","0 - 500","0 - 99999"
"","2855","Plasma Cells","","","","Descriptive","Text","0 - 500","0 - 99999"
"","2856","Abnormal Cells","","","","Descriptive","Text","0 - 500","0 - 99999"
"","2857","Hemoparasites","","","","Descriptive","Text","0 - 500","0 - 99999"
"","2858","Lymphocytes","20 - 50","%","","Descriptive","Text","0 - 500","20 - 50"
"","2859","24 HOURS URINARY CALCIUM","60 - 300","mmol/24 Hrs","","Standard","Decimal","0 - 999","0 - 300"
"","2860","Folic Acid","5.40 - 20.50","ng/ml","","Standard","Decimal","0 - 100","5.4 - 20.5"
"","2861","Helicobacter Pylori Abs (IgA)","Negative: < 10.0Positive: > 10.0","-","","Standard","Decimal","0 - 500","0 - 10"
"","2862","Helicobacter Pylori Abs (IgG)","Negative: < 10.0Positive: > 10.0","-","","Standard","Decimal","0 - 500","0 - 10"
"","2863","HELICOBACTER PYLORI Abs IgM","Negative < 10.0Positive > 10.0","-","","Standard","Text","0 - 500","0 - 10"
"","2864","Anti HBsAg","-","","","Descriptive","Text","0 - 500","0 - 99999"
"","2865","Cortisol PM","20.2 - 131.0","ng/mL","","Standard","Text","0 - 500","0 - 99999"
"","2866","Hematocrit (HCT)","38 - 51","%","","Standard","Text","0 - 500","38 - 51"
"","2867","Calcium(Ca++)","1.12 - 1.32","mmol/L","","Standard","Text","0 - 500","1.12 - 1.32"
"","2868","Chloride(Cl-)","98 - 109","mmol/L","","Standard","Text","0 - 500","98 - 109"
"","2869","Potassium(K+)","3.5 - 4.9","mmol/L","","Standard","Text","0 - 500","3.5 - 4.9"
"","2870","Sodium(Na+)","138 - 146","mmol/L","","Standard","Text","0 - 500","138 - 146"
"","2871","Glucose(Glu)","3.9 - 6.1","mmol/L","","Standard","Text","0 - 500","3.9 - 6.1"
"","2872","HSV-2 IgG","Negative: < 0.9Equivocal: 0.9 to 1.1Positive: > 1.1","IU/ml","","Standard","Text","0 - 500","0 - 1.1"
"","2873","HSV-2 IgM","Negative: < 0.9Equivocal: 0.9 to 1.1Positive: > 1.1","IU/ml","","Standard","Text","0 - 500","0 - 1.1"
"","2874","Syphilis Antibodies","Negative","","","Standard","Text","0 - 500","0 - 99999"
"","2875","Piperacillin-Tazobactum","","","","Descriptive","Text","0 - 500","0 - 99999"
"","2876","Co- Trimaoxazole","","","","Descriptive","Text","0 - 500","0 - 99999"
"","2877","Co-trimoxazole","*","*","","Descriptive","Text","0 - 250","0 - 99999"
"","2878","Urine Sugar (2 Hour Post Dose)","","","","Standard","Text","0 - 250","0 - 99999"
"","2879","Urine Sugar (1 Hour Post Dose)","","","","Standard","Text","0 - 250","0 - 99999"
"","2880","Mean Cell Volume (MCV).","75.0 - 100.0","fl","","Standard","Machine","0 - 999999","75 - 100"
"","2881","Mean Cell Hemoglobin (MCH).","25.0 - 35.0","pg","","Standard","Machine","0 - 999999","25 - 35"
"","2882","Mean Cell Hb Conc (MCHC).","31.0 - 38.0","g/dl","","Standard","Machine","0 - 999999","31 - 38"
"","2883","Red Cell Dist. Width (RDW-CV)","11.0 - 16.0","%","","Standard","Machine","0 - 999999","11 - 16"
"","2884","Red Cell Dist. Width (RDW-SD)","35.0 - 56.0","fl","","Standard","Machine","0 - 999999","35 - 56"
"","2885","Mean Platelet Volume (MPV).","7.0 - 11.0","fL","","Standard","Machine","0 - 999999","7 - 11"
"","2886","Platelet Distribution Width (PDW).","9.0 - 17.0","-","","Standard","Machine","0 - 999999","9 - 17"
"","2887","Neutrophils.","40 - 75","%","","Standard","Machine","0 - 999999","40 - 75"
"","2888","Lymphocytes.","20 - 50","%","","Standard","Machine","0 - 999999","20 - 50"
"","2889","UREA","15 - 50","mg/dl","","Standard","Machine","0 - 999999","15 - 50"
"","2890","Azithromycin (AZM)","","","","Descriptive","Text","0 - 500","0 - 99999"
"","2891","Doxycycline (DO)","","","","Descriptive","Text","0 - 500","0 - 99999"
"","2892","Rifampin (RD)","","","","Descriptive","Text","0 - 500","0 - 99999"
"","2893","Fusidic Acid (FD)","","","","Descriptive","Text","0 - 500","0 - 99999"
"","2894","Cefepime (FEP)","","","","Descriptive","Text","0 - 500","0 - 99999"
"","2895","Ceftazidime (CAZ)","","","","Descriptive","Text","0 - 500","0 - 99999"
"","2896","Ampicillin-sulbactam (SAM)","","","","Descriptive","Text","0 - 500","0 - 99999"
"","2897","Cefazolin (KZ)","","","","Descriptive","Text","0 - 500","0 - 99999"
"","2898","Polymyxin B (PB)","","","","Descriptive","Text","0 - 500","0 - 99999"
"","2899","Piperacillin-Tazobactam(TZP)","","","","Descriptive","Text","0 - 500","0 - 99999"
"","2900","Minocycline (MH)","","","","Descriptive","Text","0 - 500","0 - 99999"
"","2901","Fosfomycin (FOS)","","","","Descriptive","Text","0 - 500","0 - 99999"
"","2902","Penicillin (P)","","","","Descriptive","Text","0 - 500","0 - 99999"
"","2903","Fosfomycin-trometamol (FOT)","","","","Descriptive","Text","0 - 500","0 - 99999"
"","2904","Teicoplanin (TEC)","","","","Descriptive","Text","0 - 500","0 - 99999"
"","2905","C-REACTIVE PROTEIN (CRP).","Less than 6.0","mg/L","","Standard","Text","0 - 500","0 - 999"
"","2906","Co-trimoxazole (SXT)","","","","Descriptive","Text","0 - 500","0 - 99999"
"","2907","White Blood Cell (WBC/TLC)","4000 - 11000","/ cu mm","","Standard","Decimal","0 - 999999","4000 - 11000"
"","2908","Serum Chloride","95 - 110","mmol/L","","Standard","Decimal","0 - 321","0 - 150"
"","2909","Serum Potassium","3.4 - 5.5","mmol/L","","Standard","Decimal","2.5 - 7","0 - 500"
"","2910","Serum Sodium","135 - 145","mmol/L","","Standard","Decimal","90 - 160","0 - 200"
"","2911","Red Cell Folate","3.0 - 20.0","ng/mL","","Standard","Decimal","0 - 140.0","3 - 20.3"
"","2912","Globulins","1.8 - 3.4","g/dl","","Standard","Formula","0 - 999999","1.8 - 3.4"
"","2913","A/G Ratio","1.1 - 2.4","","","Standard","Formula","0 - 999","1.1 - 2.4"
"","2914","Globulin","1.8 - 3.4","mg/dl","","Standard","Formula","0 - 999999","1.8 - 3.4"
"","2915","A/G Ratio","1.1 - 2.4","","","Standard","Formula","0 - 999","1.1 - 2.4"
"","2916","A/G Ratio","1.1 - 2.4","","","Standard","Formula","0 - 999","1.1 - 2.4"
"","2917","Blood Glucose Fasting","60 - 120","mg/dl","","Standard","Decimal","0 - 999","60 - 120"
"","2918","Blood Sugar Random","80 - 180","mg/dl","","Standard","Decimal","0 - 999","80 - 180"
"","2919","SGPT (ALT)","Male: < 40Female: < 31","U/L","","Standard","Machine","0 - 999999","0 - 40"
"","2920","Amylase","Less Than 100","U/L","","Standard","Machine","0 - 999999","0 - 100"
"","2921","Blood Sugar Random","80 - 160","mg/dl","","Standard","Machine","0 - 999999","80 - 160"
"","2922","Bilirubin Unconjugated","0.1 - 1.0","mg/dl","","Standard","Decimal","0 - 99","0.1 - 1"
"","2923","Bilirubin Unconjugated","0.1 - 1.0","mg/dl","","Standard","Formula","0 - 3","0.1 - 1"
"","2924","CHOLESTEROL / HDL CHOLESTEROL RATIO","Desirable: 3.5 to 5.0High: > 5.0","mg/dl","","Standard","Formula","0 - 999999","0 - 5"
"","2925","Indirect Bilirubin.","0.1 - 0.75","mg/dl","","Standard","Formula","0 - 999999","0.1 - 0.75"
"","2926","BUN/Creatinine Ratio","5 - 20","","","Standard","Formula","0 - 999999","5 - 20"
"","2927","Volume","1.5-7.6","ml","03","Standard","Decimal","0 - 99","1.5 - 7.6"
"","2928","V.L.D.L","Less than 30 mg/dL	Normal30 to 40 mg/dL		Borderline High40 to 100 mg/dL		HighMore than 100 mg/dL	Very High","mg/dl","","Standard","Formula","0 - 999999","0 - 100"
"","2929","Consistency","-","","THIN","Standard","Text","0 - 250","0 - 99999"
"","2930","PH","7.2-8.0","-","8.0","Standard","Decimal","0 - 99","7.2 - 8"
"","2931","Color","-","","YELLOW","Standard","Text","0 - 250","0 - 99999"
"","2932","Uric Acid:","-","","","Standard","Text","0 - 500","0 - 99999"
"","2933","Blood Urea Nitrogen (BUN)","8 - 22","mg/dl","","Standard","Formula","0 - 999999","8 - 22"
"","2934","Indirect Bilirubin","0.1 - 1.0","mg/dl","","Standard","Formula","0 - 999999","0.1 - 1"
"","2935","LDL CHOLESTEROL","Desirable: < 99Above Desirable: 100-129Borderline: 130 - 159High: 160 - 189Very High: > 190","mg/dl","","Standard","Decimal","0 - 999","0 - 160"
"","2936","INR","0.9 - 1.1","","","Standard","Formula","0 - 999999","0.9 - 1.1"
"","2937","V.L.D.L","Normal: < 30Borderline High: 30 to 40High: 40 to 100Very High: > 100","mg/dl","","Standard","Formula","0 - 999999","0 - 40"
"","2938","INR","0.9 - 1.1","","","Standard","Formula","0 - 999999","0.9 - 1.1"
"","2939","Eosinophil, Absolute","0.02 - 0.50","*10^9/l","","Standard","Decimal","0 - 999","0.02 - 0.5"
"","2940","Indirect Bilirubin","0.1 - 0.3","mg/dl","","Standard","Formula","0 - 999999","0.1 - 20"
"","2941","SGPT (ALT)","5 - 45","U/L","","Standard","Decimal","0 - 999","5 - 45"
"","2942","Monocyte, Absolute","0.12 - 1.20","*10^9/l","","Standard","Decimal","0 - 999","0.12 - 1.2"
"","2943","Eosinophil, Absolute","0.02 - 0.50","*10^9/l","","Standard","Decimal","0 - 999","0.02 - 0.5"
"","2944","Progesterone Level","Male: 0.50 - 5.20FemaleFollicular Phase: 0.50 - 6.50Luteal Phase: 8.00 - 87.00Pregnant Female1st trimester 01-12W: 10.0-182.02nd trimester 13-24W: 60.0-332.03rd trimester 25-40W: 185.0-960.0","nmol/l","","Standard","Decimal","0 - 19.5","0.5 - 6.5"
"","2945","Neutrophils","40 - 75","%","","Standard","Decimal","0 - 100","40 - 75"
"","2946","Lymphocytes","20 - 50","%","","Standard","Machine","0 - 999999","20 - 50"
"","2947","Monocytes","2 - 10","%","","Standard","Machine","0 - 999999","2 - 10"
"","2948","Hemoglobin (HB)","13 - 18","g/dl","","Standard","Machine","0 - 999999","13 - 18"
"","2949","Hematocrit (HCT)","38 - 52","%","","Standard","Machine","0 - 999999","38 - 52"
"","2950","Mean Cell Hb Conc (MCHC)","30 - 35","g/dl","","Standard","Machine","0 - 999999","30 - 35"
"","2951","Hemoglobin (HB)","15 - 24","g/dl","","Standard","Machine","0 - 999999","15 - 24"
"","2952","Red Blood Cell (RBC)","4.1 - 6.7","*10^12/l","","Standard","Machine","0 - 999999","4.1 - 6.7"
"","2953","Hematocrit (HCT)","44 - 65","%","","Standard","Machine","0 - 999999","44 - 65"
"","2954","Mean Cell Volume (MCV)","102 - 115","fl","","Standard","Machine","0 - 999999","102 - 115"
"","2955","Mean Cell Hemoglobin (MCH)","33 - 39","pg","","Standard","Machine","0 - 999999","33 - 39"
"","2956","White Blood Cell (WBC/TLC)","10 - 25","*10^9/l","","Standard","Machine","0 - 999999","10 - 25"
"","2957","Neutrophils","32 - 60","%","","Standard","Machine","0 - 999999","32 - 60"
"","2958","Lymphocytes","26 - 40","%","","Standard","Machine","0 - 999999","26 - 40"
"","2959","Monocytes","Less than 9","%","","Standard","Machine","0 - 999999","0 - 9"
"","2960","Eosinophil","Less than 4","%","","Standard","Decimal","0 - 100","0 - 4"
"","2961","Quantity","--","","","Standard","Text","0 - 500","0 - 99999"
"","2962","Physical Examination","","","","Sub Heading","Text","0 - 250","0 - 99999"
"","2963","Color","Colorless","","","Standard","Text","0 - 250","0 - 99999"
"","2964","Turbidity","Nil","","Nil","Standard","Text","0 - 250","0 - 99999"
"","2965","Sediment","Nil","","","Standard","Text","0 - 500","0 - 99999"
"","2966","Coagulum","Nil","","","Standard","Text","0 - 500","0 - 99999"
"","2967","Xanthochromia","Nil","","","Standard","Text","0 - 500","0 - 99999"
"","2968","Chemical Examination","","","","Sub Heading","Text","0 - 250","0 - 99999"
"","2969","Glucose","--","mg/dl","","Standard","Decimal","0 - 999","0 - 0"
"","2970","Proteins","< 3","G/dl","","Standard","Decimal","0 - 999","0 - 3"
"","2971","LDH","< 0.59","x Serum Value","","Standard","Decimal","0 - 999","0 - 0.59"
"","2972","Microscopic Examination","","","","Sub Heading","Text","0 - 250","0 - 99999"
"","2973","Leucocytes Count (TLC)","< 150","/c.mm","","Standard","Decimal","0 - 999","0 - 150"
"","2974","Red Cells Count","Rare","","","Standard","Decimal","0 - 999","0 - 99999"
"","2975","Neutrophils","< 10","%","","Standard","Decimal","0 - 100","0 - 10"
"","2976","Lymphocytes","> 90","%","","Standard","Decimal","0 - 100","90 - 110"
"","2977","Ziehl Neelsen Stain","No AFB seen","","No AFB seen","Standard","Text","0 - 500","0 - 99999"
"","2978","ISI Value","1.0 - 3.0","","1.03","Standard","Decimal","0 - 3","0 - 99"
"","2979","INR","0.9 - 1.1","","","Standard","Formula","0 - 999999","0.9 - 1.1"
"","2980","INR","0.9 - 1.1","","","Standard","Formula","0 - 999999","0.9 - 1.1"
"","2981","PT Control","12","Seconds","12","Standard","Decimal","0 - 99","0 - 16"
"","2982","INR","0.85 - 1.15","","","Standard","Formula","0 - 9.14","0.85 - 1.15"
"","2983","PROTHROMBIN TIME (PT)","12 - 16","Seconds","","Standard","Decimal","0 - 120","12 - 16"